time,proto,data_len,ip_src,ip_dst,src_port,dst_port
1570291174.281115,6,116,172.19.98.240,213.123.204.222,43144,22
1570291174.361109,6,404,213.123.204.222,172.19.98.240,22,43144
1570291174.519409,6,116,172.19.98.240,213.123.204.222,43144,22
1570291174.58581,6,116,172.19.98.240,213.123.204.222,43144,22
1570291174.598484,6,132,213.123.204.222,172.19.98.240,22,43144
1570291174.638548,6,500,213.123.204.222,172.19.98.240,22,43144
1570291174.666789,6,1374,213.123.204.222,172.19.98.240,22,43144
1570291174.666934,6,1374,213.123.204.222,172.19.98.240,22,43144
1570291174.666979,6,1374,213.123.204.222,172.19.98.240,22,43144
1570291174.667006,6,1374,213.123.204.222,172.19.98.240,22,43144
1570291174.679196,6,472,213.123.204.222,172.19.98.240,22,43144
1570291174.680173,6,84,172.19.98.240,213.123.204.222,43144,22
1570291174.717911,6,388,213.123.204.222,172.19.98.240,22,43144
1570291175.252065,6,132,172.19.98.240,213.123.204.222,43144,22
1570291175.332474,6,372,213.123.204.222,172.19.98.240,22,43144
1570291175.740945,6,132,172.19.98.240,213.123.204.222,43144,22
1570291175.819782,6,148,213.123.204.222,172.19.98.240,22,43144
1570291176.071477,6,132,172.19.98.240,213.123.204.222,43144,22
1570291176.151982,6,132,213.123.204.222,172.19.98.240,22,43144
1570291176.576948,6,132,172.19.98.240,213.123.204.222,43144,22
1570291176.656348,6,148,213.123.204.222,172.19.98.240,22,43144
1570291176.87088,6,116,172.19.98.240,213.123.204.222,43144,22
1570291176.949801,6,116,213.123.204.222,172.19.98.240,22,43144
1570291176.988776,6,324,213.123.204.222,172.19.98.240,22,43144
1570291177.917903,6,132,172.19.98.240,213.123.204.222,43144,22
1570291177.997925,6,148,213.123.204.222,172.19.98.240,22,43144
1570291178.725041,6,132,172.19.98.240,213.123.204.222,43144,22
1570291178.805274,6,132,213.123.204.222,172.19.98.240,22,43144
1570291178.895776,6,132,172.19.98.240,213.123.204.222,43144,22
1570291178.974105,6,148,213.123.204.222,172.19.98.240,22,43144
1570291179.280455,6,132,172.19.98.240,213.123.204.222,43144,22
1570291179.36045,6,132,213.123.204.222,172.19.98.240,22,43144
1570291179.702658,6,132,172.19.98.240,213.123.204.222,43144,22
1570291179.782766,6,212,213.123.204.222,172.19.98.240,22,43144
1570291180.348306,6,116,172.19.98.240,213.123.204.222,43144,22
1570291180.429172,6,116,213.123.204.222,172.19.98.240,22,43144
1570291180.469164,6,788,213.123.204.222,172.19.98.240,22,43144
1570291183.511228,6,116,172.19.98.240,213.123.204.222,43144,22
1570291183.571702,6,116,172.19.98.240,213.123.204.222,43144,22
1570291183.590867,6,116,213.123.204.222,172.19.98.240,22,43144
1570291183.64913,6,116,213.123.204.222,172.19.98.240,22,43144
1570291184.170138,6,116,172.19.98.240,213.123.204.222,43144,22
1570291184.249142,6,116,213.123.204.222,172.19.98.240,22,43144
1570291184.256032,6,116,172.19.98.240,213.123.204.222,43144,22
1570291184.33431,6,116,213.123.204.222,172.19.98.240,22,43144
1570291184.36333,6,116,172.19.98.240,213.123.204.222,43144,22
1570291184.441265,6,116,213.123.204.222,172.19.98.240,22,43144
1570291184.750338,6,116,172.19.98.240,213.123.204.222,43144,22
1570291184.829816,6,116,213.123.204.222,172.19.98.240,22,43144
1570291184.847286,6,116,172.19.98.240,213.123.204.222,43144,22
1570291184.906739,6,116,172.19.98.240,213.123.204.222,43144,22
1570291184.92531,6,116,213.123.204.222,172.19.98.240,22,43144
1570291185.000877,6,116,172.19.98.240,213.123.204.222,43144,22
1570291185.007553,6,116,213.123.204.222,172.19.98.240,22,43144
1570291185.090398,6,132,213.123.204.222,172.19.98.240,22,43144
1570291185.82071,6,116,172.19.98.240,213.123.204.222,43144,22
1570291185.897789,6,116,172.19.98.240,213.123.204.222,43144,22
1570291185.899728,6,116,213.123.204.222,172.19.98.240,22,43144
1570291185.976472,6,116,213.123.204.222,172.19.98.240,22,43144
1570291186.116008,6,116,172.19.98.240,213.123.204.222,43144,22
1570291186.206424,6,132,213.123.204.222,172.19.98.240,22,43144
1570291186.513357,6,116,172.19.98.240,213.123.204.222,43144,22
1570291186.592337,6,148,213.123.204.222,172.19.98.240,22,43144
1570291186.617053,6,1374,213.123.204.222,172.19.98.240,22,43144
1570291186.631363,6,970,213.123.204.222,172.19.98.240,22,43144
1570291186.930043,6,132,172.19.98.240,213.123.204.222,43144,22
1570291187.009192,6,372,213.123.204.222,172.19.98.240,22,43144
1570291187.085969,6,132,172.19.98.240,213.123.204.222,43144,22
1570291187.16347,6,148,213.123.204.222,172.19.98.240,22,43144
1570291187.244479,6,132,172.19.98.240,213.123.204.222,43144,22
1570291187.322766,6,148,213.123.204.222,172.19.98.240,22,43144
1570291187.40697,6,132,172.19.98.240,213.123.204.222,43144,22
1570291187.485111,6,148,213.123.204.222,172.19.98.240,22,43144
1570291188.14302,6,116,172.19.98.240,213.123.204.222,43144,22
1570291188.2235,6,148,213.123.204.222,172.19.98.240,22,43144
1570291188.267922,6,148,213.123.204.222,172.19.98.240,22,43144
1570291188.271477,6,116,172.19.98.240,213.123.204.222,43144,22
1570291188.349279,6,148,213.123.204.222,172.19.98.240,22,43144
1570291188.472452,6,116,172.19.98.240,213.123.204.222,43144,22
1570291188.549772,6,180,213.123.204.222,172.19.98.240,22,43144
1570291188.554898,6,116,172.19.98.240,213.123.204.222,43144,22
1570291188.633764,6,148,213.123.204.222,172.19.98.240,22,43144
1570291188.710614,6,116,172.19.98.240,213.123.204.222,43144,22
1570291188.789397,6,148,213.123.204.222,172.19.98.240,22,43144
1570291188.809037,6,116,172.19.98.240,213.123.204.222,43144,22
1570291188.887015,6,148,213.123.204.222,172.19.98.240,22,43144
1570291188.900813,6,116,172.19.98.240,213.123.204.222,43144,22
1570291188.98333,6,148,213.123.204.222,172.19.98.240,22,43144
1570291189.049247,6,116,172.19.98.240,213.123.204.222,43144,22
1570291189.12677,6,148,213.123.204.222,172.19.98.240,22,43144
1570291189.163112,6,116,172.19.98.240,213.123.204.222,43144,22
1570291189.240863,6,148,213.123.204.222,172.19.98.240,22,43144
1570291189.299718,6,116,172.19.98.240,213.123.204.222,43144,22
1570291189.376825,6,148,213.123.204.222,172.19.98.240,22,43144
1570291189.421054,6,116,172.19.98.240,213.123.204.222,43144,22
1570291189.499897,6,148,213.123.204.222,172.19.98.240,22,43144
1570291190.114798,6,116,172.19.98.240,213.123.204.222,43144,22
1570291190.195911,6,148,213.123.204.222,172.19.98.240,22,43144
1570291190.394449,6,116,172.19.98.240,213.123.204.222,43144,22
1570291190.47366,6,148,213.123.204.222,172.19.98.240,22,43144
1570291190.510802,6,116,172.19.98.240,213.123.204.222,43144,22
1570291190.586376,6,116,172.19.98.240,213.123.204.222,43144,22
1570291190.588609,6,148,213.123.204.222,172.19.98.240,22,43144
1570291190.667777,6,196,213.123.204.222,172.19.98.240,22,43144
1570291190.898475,6,116,172.19.98.240,213.123.204.222,43144,22
1570291190.977341,6,132,213.123.204.222,172.19.98.240,22,43144
1570291191.015739,6,372,213.123.204.222,172.19.98.240,22,43144
1570291191.100103,6,116,172.19.98.240,213.123.204.222,43144,22
1570291191.171222,6,116,172.19.98.240,213.123.204.222,43144,22
1570291191.177934,6,132,213.123.204.222,172.19.98.240,22,43144
1570291191.217051,6,468,213.123.204.222,172.19.98.240,22,43144
1570291191.25337,6,1374,213.123.204.222,172.19.98.240,22,43144
1570291191.253609,6,1374,213.123.204.222,172.19.98.240,22,43144
1570291191.253661,6,1374,213.123.204.222,172.19.98.240,22,43144
1570291191.253742,6,1374,213.123.204.222,172.19.98.240,22,43144
1570291191.259053,6,472,213.123.204.222,172.19.98.240,22,43144
1570291191.300777,6,724,213.123.204.222,172.19.98.240,22,43144
1570291191.398745,6,132,172.19.98.240,213.123.204.222,43144,22
1570291191.477492,6,372,213.123.204.222,172.19.98.240,22,43144
1570291191.644519,6,132,172.19.98.240,213.123.204.222,43144,22
1570291191.724176,6,196,213.123.204.222,172.19.98.240,22,43144
1570291192.288095,6,116,172.19.98.240,213.123.204.222,43144,22
1570291192.367137,6,148,213.123.204.222,172.19.98.240,22,43144
1570291192.428278,6,468,213.123.204.222,172.19.98.240,22,43144
1570291192.467788,6,580,213.123.204.222,172.19.98.240,22,43144
1570291207.408043,6,308,213.123.204.222,172.19.98.240,22,43144
1570291220.618303,6,116,172.19.98.240,213.123.204.222,43144,22
1570291220.680829,6,116,172.19.98.240,213.123.204.222,43144,22
1570291220.698081,6,116,213.123.204.222,172.19.98.240,22,43144
1570291220.75829,6,116,213.123.204.222,172.19.98.240,22,43144
1570291220.79346,6,116,172.19.98.240,213.123.204.222,43144,22
1570291220.82753,6,116,172.19.98.240,213.123.204.222,43144,22
1570291220.870972,6,116,213.123.204.222,172.19.98.240,22,43144
1570291220.902625,6,116,172.19.98.240,213.123.204.222,43144,22
1570291220.941224,6,116,213.123.204.222,172.19.98.240,22,43144
1570291221.023755,6,116,213.123.204.222,172.19.98.240,22,43144
1570291221.024306,6,116,172.19.98.240,213.123.204.222,43144,22
1570291221.085572,6,116,172.19.98.240,213.123.204.222,43144,22
1570291221.101418,6,116,213.123.204.222,172.19.98.240,22,43144
1570291221.185137,6,116,213.123.204.222,172.19.98.240,22,43144
1570291221.236279,6,116,172.19.98.240,213.123.204.222,43144,22
1570291221.336428,6,132,213.123.204.222,172.19.98.240,22,43144
1570291221.768502,6,116,172.19.98.240,213.123.204.222,43144,22
1570291222.069093,6,116,172.19.98.240,213.123.204.222,43144,22
1570291222.2636,6,148,213.123.204.222,172.19.98.240,22,43144
1570291222.27195,6,1374,213.123.204.222,172.19.98.240,22,43144
1570291222.272042,6,1374,213.123.204.222,172.19.98.240,22,43144
1570291222.301782,6,940,213.123.204.222,172.19.98.240,22,43144
1570291222.782747,6,132,172.19.98.240,213.123.204.222,43144,22
1570291222.862285,6,340,213.123.204.222,172.19.98.240,22,43144
1570291222.949773,6,132,172.19.98.240,213.123.204.222,43144,22
1570291223.026833,6,116,213.123.204.222,172.19.98.240,22,43144
1570291223.109633,6,132,172.19.98.240,213.123.204.222,43144,22
1570291223.187622,6,116,213.123.204.222,172.19.98.240,22,43144
1570291223.238437,6,132,172.19.98.240,213.123.204.222,43144,22
1570291223.316049,6,116,213.123.204.222,172.19.98.240,22,43144
1570291223.379478,6,132,172.19.98.240,213.123.204.222,43144,22
1570291223.458428,6,116,213.123.204.222,172.19.98.240,22,43144
1570291223.551093,6,132,172.19.98.240,213.123.204.222,43144,22
1570291223.628427,6,116,213.123.204.222,172.19.98.240,22,43144
1570291223.702724,6,132,172.19.98.240,213.123.204.222,43144,22
1570291223.780249,6,116,213.123.204.222,172.19.98.240,22,43144
1570291223.856547,6,132,172.19.98.240,213.123.204.222,43144,22
1570291223.934996,6,116,213.123.204.222,172.19.98.240,22,43144
1570291224.04998,6,132,172.19.98.240,213.123.204.222,43144,22
1570291224.129553,6,116,213.123.204.222,172.19.98.240,22,43144
1570291224.942659,6,132,172.19.98.240,213.123.204.222,43144,22
1570291225.022206,6,148,213.123.204.222,172.19.98.240,22,43144
1570291225.177745,6,132,172.19.98.240,213.123.204.222,43144,22
1570291225.257129,6,148,213.123.204.222,172.19.98.240,22,43144
1570291225.336262,6,132,172.19.98.240,213.123.204.222,43144,22
1570291225.413681,6,148,213.123.204.222,172.19.98.240,22,43144
1570291226.018832,6,132,172.19.98.240,213.123.204.222,43144,22
1570291226.104709,6,116,213.123.204.222,172.19.98.240,22,43144
1570291226.422643,6,132,172.19.98.240,213.123.204.222,43144,22
1570291226.502139,6,132,213.123.204.222,172.19.98.240,22,43144
1570291226.62571,6,132,172.19.98.240,213.123.204.222,43144,22
1570291226.705183,6,148,213.123.204.222,172.19.98.240,22,43144
1570291226.769126,6,132,172.19.98.240,213.123.204.222,43144,22
1570291226.852662,6,148,213.123.204.222,172.19.98.240,22,43144
1570291227.393054,6,132,172.19.98.240,213.123.204.222,43144,22
1570291227.472624,6,132,213.123.204.222,172.19.98.240,22,43144
1570291227.892754,6,132,172.19.98.240,213.123.204.222,43144,22
1570291227.92375,6,132,172.19.98.240,213.123.204.222,43144,22
1570291227.962821,6,132,172.19.98.240,213.123.204.222,43144,22
1570291227.973477,6,148,213.123.204.222,172.19.98.240,22,43144
1570291227.986916,6,132,172.19.98.240,213.123.204.222,43144,22
1570291228.01289,6,148,213.123.204.222,172.19.98.240,22,43144
1570291228.019924,6,132,172.19.98.240,213.123.204.222,43144,22
1570291228.049278,6,132,172.19.98.240,213.123.204.222,43144,22
1570291228.062362,6,148,213.123.204.222,172.19.98.240,22,43144
1570291228.081147,6,132,172.19.98.240,213.123.204.222,43144,22
1570291228.114675,6,132,172.19.98.240,213.123.204.222,43144,22
1570291228.124761,6,244,213.123.204.222,172.19.98.240,22,43144
1570291228.142722,6,132,172.19.98.240,213.123.204.222,43144,22
1570291228.171781,6,132,172.19.98.240,213.123.204.222,43144,22
1570291228.191413,6,244,213.123.204.222,172.19.98.240,22,43144
1570291228.202421,6,132,172.19.98.240,213.123.204.222,43144,22
1570291228.233699,6,132,172.19.98.240,213.123.204.222,43144,22
1570291228.247381,6,260,213.123.204.222,172.19.98.240,22,43144
1570291228.265405,6,132,172.19.98.240,213.123.204.222,43144,22
1570291228.309987,6,244,213.123.204.222,172.19.98.240,22,43144
1570291228.430324,6,244,213.123.204.222,172.19.98.240,22,43144
1570291228.530133,6,132,172.19.98.240,213.123.204.222,43144,22
1570291228.607654,6,148,213.123.204.222,172.19.98.240,22,43144
1570291228.665461,6,132,172.19.98.240,213.123.204.222,43144,22
1570291228.744427,6,148,213.123.204.222,172.19.98.240,22,43144
1570291228.809819,6,132,172.19.98.240,213.123.204.222,43144,22
1570291228.887376,6,148,213.123.204.222,172.19.98.240,22,43144
1570291228.944407,6,132,172.19.98.240,213.123.204.222,43144,22
1570291229.021663,6,132,213.123.204.222,172.19.98.240,22,43144
1570291229.099124,6,132,172.19.98.240,213.123.204.222,43144,22
1570291229.109252,6,228,213.123.204.222,172.19.98.240,22,43144
1570291229.390289,6,132,172.19.98.240,213.123.204.222,43144,22
1570291229.469944,6,148,213.123.204.222,172.19.98.240,22,43144
1570291229.700813,6,132,172.19.98.240,213.123.204.222,43144,22
1570291229.78009,6,148,213.123.204.222,172.19.98.240,22,43144
1570291230.24194,6,132,172.19.98.240,213.123.204.222,43144,22
1570291230.321643,6,132,213.123.204.222,172.19.98.240,22,43144
1570291230.735523,6,132,172.19.98.240,213.123.204.222,43144,22
1570291230.815799,6,148,213.123.204.222,172.19.98.240,22,43144
1570291231.461942,6,132,172.19.98.240,213.123.204.222,43144,22
1570291231.541212,6,148,213.123.204.222,172.19.98.240,22,43144
1570291231.751931,6,116,172.19.98.240,213.123.204.222,43144,22
1570291231.832352,6,148,213.123.204.222,172.19.98.240,22,43144
1570291231.870846,6,148,213.123.204.222,172.19.98.240,22,43144
1570291231.896824,6,116,172.19.98.240,213.123.204.222,43144,22
1570291231.974178,6,132,213.123.204.222,172.19.98.240,22,43144
1570291232.056598,6,132,213.123.204.222,172.19.98.240,22,43144
1570291232.062607,6,116,172.19.98.240,213.123.204.222,43144,22
1570291232.139722,6,132,213.123.204.222,172.19.98.240,22,43144
1570291232.206843,6,116,172.19.98.240,213.123.204.222,43144,22
1570291232.22044,6,132,213.123.204.222,172.19.98.240,22,43144
1570291232.284381,6,132,213.123.204.222,172.19.98.240,22,43144
1570291232.36,6,116,172.19.98.240,213.123.204.222,43144,22
1570291232.367684,6,132,213.123.204.222,172.19.98.240,22,43144
1570291232.438039,6,132,213.123.204.222,172.19.98.240,22,43144
1570291232.510929,6,116,172.19.98.240,213.123.204.222,43144,22
1570291232.515895,6,132,213.123.204.222,172.19.98.240,22,43144
1570291232.589186,6,132,213.123.204.222,172.19.98.240,22,43144
1570291232.670697,6,132,213.123.204.222,172.19.98.240,22,43144
1570291232.674969,6,116,172.19.98.240,213.123.204.222,43144,22
1570291232.752995,6,132,213.123.204.222,172.19.98.240,22,43144
1570291232.832015,6,132,213.123.204.222,172.19.98.240,22,43144
1570291232.869571,6,116,172.19.98.240,213.123.204.222,43144,22
1570291232.946982,6,132,213.123.204.222,172.19.98.240,22,43144
1570291232.985806,6,132,213.123.204.222,172.19.98.240,22,43144
1570291233.326146,6,116,172.19.98.240,213.123.204.222,43144,22
1570291233.404725,6,132,213.123.204.222,172.19.98.240,22,43144
1570291233.444444,6,132,213.123.204.222,172.19.98.240,22,43144
1570291233.749161,6,116,172.19.98.240,213.123.204.222,43144,22
1570291233.829729,6,132,213.123.204.222,172.19.98.240,22,43144
1570291233.868255,6,196,213.123.204.222,172.19.98.240,22,43144
1570291234.229366,6,132,172.19.98.240,213.123.204.222,43144,22
1570291234.309668,6,132,213.123.204.222,172.19.98.240,22,43144
1570291234.365653,6,132,172.19.98.240,213.123.204.222,43144,22
1570291234.444353,6,132,213.123.204.222,172.19.98.240,22,43144
1570291234.883772,6,132,172.19.98.240,213.123.204.222,43144,22
1570291234.964963,6,132,213.123.204.222,172.19.98.240,22,43144
1570291235.290791,6,116,172.19.98.240,213.123.204.222,43144,22
1570291235.370601,6,132,213.123.204.222,172.19.98.240,22,43144
1570291235.397284,6,116,172.19.98.240,213.123.204.222,43144,22
1570291235.409657,6,196,213.123.204.222,172.19.98.240,22,43144
1570291235.519568,6,132,213.123.204.222,172.19.98.240,22,43144
1570291235.558044,6,196,213.123.204.222,172.19.98.240,22,43144
1570291235.570968,6,116,172.19.98.240,213.123.204.222,43144,22
1570291235.648918,6,132,213.123.204.222,172.19.98.240,22,43144
1570291235.712741,6,116,172.19.98.240,213.123.204.222,43144,22
1570291235.728774,6,196,213.123.204.222,172.19.98.240,22,43144
1570291235.789802,6,132,213.123.204.222,172.19.98.240,22,43144
1570291235.829049,6,196,213.123.204.222,172.19.98.240,22,43144
1570291235.866546,6,116,172.19.98.240,213.123.204.222,43144,22
1570291235.92991,6,116,172.19.98.240,213.123.204.222,43144,22
1570291235.944029,6,132,213.123.204.222,172.19.98.240,22,43144
1570291236.041195,6,196,213.123.204.222,172.19.98.240,22,43144
1570291236.058441,6,116,172.19.98.240,213.123.204.222,43144,22
1570291236.080233,6,276,213.123.204.222,172.19.98.240,22,43144
1570291236.160987,6,132,213.123.204.222,172.19.98.240,22,43144
1570291236.167155,6,116,172.19.98.240,213.123.204.222,43144,22
1570291236.214357,6,196,213.123.204.222,172.19.98.240,22,43144
1570291236.297229,6,276,213.123.204.222,172.19.98.240,22,43144
1570291236.681718,6,116,172.19.98.240,213.123.204.222,43144,22
1570291236.761969,6,132,213.123.204.222,172.19.98.240,22,43144
1570291236.800827,6,388,213.123.204.222,172.19.98.240,22,43144
1570291236.869154,6,116,172.19.98.240,213.123.204.222,43144,22
1570291236.938712,6,116,172.19.98.240,213.123.204.222,43144,22
1570291236.946609,6,372,213.123.204.222,172.19.98.240,22,43144
1570291236.985146,6,260,213.123.204.222,172.19.98.240,22,43144
1570291237.019942,6,1374,213.123.204.222,172.19.98.240,22,43144
1570291237.020054,6,1374,213.123.204.222,172.19.98.240,22,43144
1570291237.020106,6,1374,213.123.204.222,172.19.98.240,22,43144
1570291237.020138,6,1374,213.123.204.222,172.19.98.240,22,43144
1570291237.024077,6,420,213.123.204.222,172.19.98.240,22,43144
1570291237.062949,6,900,213.123.204.222,172.19.98.240,22,43144
1570291237.064455,6,116,172.19.98.240,213.123.204.222,43144,22
1570291237.263614,6,132,172.19.98.240,213.123.204.222,43144,22
1570291237.326435,6,308,213.123.204.222,172.19.98.240,22,43144
1570291237.41489,6,148,213.123.204.222,172.19.98.240,22,43144
1570291237.438426,6,132,172.19.98.240,213.123.204.222,43144,22
1570291237.516659,6,212,213.123.204.222,172.19.98.240,22,43144
1570291238.019275,6,116,172.19.98.240,213.123.204.222,43144,22
1570291238.100055,6,148,213.123.204.222,172.19.98.240,22,43144
1570291238.138668,6,468,213.123.204.222,172.19.98.240,22,43144
1570291238.177532,6,580,213.123.204.222,172.19.98.240,22,43144
1570291239.381992,6,132,172.19.98.240,213.123.204.222,43144,22
1570291239.462016,6,308,213.123.204.222,172.19.98.240,22,43144
1570291239.500872,6,116,213.123.204.222,172.19.98.240,22,43144
1570291247.185139,6,116,172.19.98.240,213.123.204.222,43144,22
1570291247.469362,6,116,172.19.98.240,213.123.204.222,43144,22
1570291247.671846,6,228,213.123.204.222,172.19.98.240,22,43144
1570291247.879456,6,116,172.19.98.240,213.123.204.222,43144,22
1570291247.958631,6,116,213.123.204.222,172.19.98.240,22,43144
1570291247.972592,6,116,172.19.98.240,213.123.204.222,43144,22
1570291248.053123,6,116,213.123.204.222,172.19.98.240,22,43144
1570291248.063933,6,116,172.19.98.240,213.123.204.222,43144,22
1570291248.141431,6,116,213.123.204.222,172.19.98.240,22,43144
1570291248.243268,6,452,213.123.204.222,172.19.98.240,22,43144
1570291248.741421,6,116,172.19.98.240,213.123.204.222,43144,22
1570291248.820775,6,116,213.123.204.222,172.19.98.240,22,43144
1570291248.844566,6,116,172.19.98.240,213.123.204.222,43144,22
1570291248.917909,6,116,172.19.98.240,213.123.204.222,43144,22
1570291248.922674,6,116,213.123.204.222,172.19.98.240,22,43144
1570291248.964311,6,116,172.19.98.240,213.123.204.222,43144,22
1570291249.003104,6,116,213.123.204.222,172.19.98.240,22,43144
1570291249.034289,6,116,172.19.98.240,213.123.204.222,43144,22
1570291249.072748,6,116,213.123.204.222,172.19.98.240,22,43144
1570291249.152148,6,116,213.123.204.222,172.19.98.240,22,43144
1570291249.470181,6,116,172.19.98.240,213.123.204.222,43144,22
1570291249.549735,6,116,213.123.204.222,172.19.98.240,22,43144
1570291249.561656,6,116,172.19.98.240,213.123.204.222,43144,22
1570291249.619084,6,116,172.19.98.240,213.123.204.222,43144,22
1570291249.638673,6,116,213.123.204.222,172.19.98.240,22,43144
1570291249.723899,6,116,213.123.204.222,172.19.98.240,22,43144
1570291249.760104,6,116,172.19.98.240,213.123.204.222,43144,22
1570291249.84936,6,132,213.123.204.222,172.19.98.240,22,43144
1570291249.899861,6,116,172.19.98.240,213.123.204.222,43144,22
1570291249.977174,6,116,213.123.204.222,172.19.98.240,22,43144
1570291250.001983,6,1374,213.123.204.222,172.19.98.240,22,43144
1570291250.002078,6,1374,213.123.204.222,172.19.98.240,22,43144
1570291250.002122,6,1374,213.123.204.222,172.19.98.240,22,43144
1570291250.016381,6,1374,213.123.204.222,172.19.98.240,22,43144
1570291250.016474,6,36,213.123.204.222,172.19.98.240,22,43144
1570291251.069132,6,132,172.19.98.240,213.123.204.222,43144,22
1570291251.148503,6,308,213.123.204.222,172.19.98.240,22,43144
1570291251.187224,6,132,213.123.204.222,172.19.98.240,22,43144
1570291251.213365,6,132,172.19.98.240,213.123.204.222,43144,22
1570291251.291574,6,148,213.123.204.222,172.19.98.240,22,43144
1570291251.39885,6,132,172.19.98.240,213.123.204.222,43144,22
1570291251.476141,6,148,213.123.204.222,172.19.98.240,22,43144
1570291251.575834,6,132,172.19.98.240,213.123.204.222,43144,22
1570291251.653655,6,148,213.123.204.222,172.19.98.240,22,43144
1570291251.778394,6,132,172.19.98.240,213.123.204.222,43144,22
1570291251.858192,6,148,213.123.204.222,172.19.98.240,22,43144
1570291253.936404,6,132,172.19.98.240,213.123.204.222,43144,22
1570291254.01564,6,148,213.123.204.222,172.19.98.240,22,43144
1570291254.067202,6,132,172.19.98.240,213.123.204.222,43144,22
1570291254.144941,6,148,213.123.204.222,172.19.98.240,22,43144
1570291254.282603,6,132,172.19.98.240,213.123.204.222,43144,22
1570291254.361993,6,148,213.123.204.222,172.19.98.240,22,43144
1570291254.446181,6,132,172.19.98.240,213.123.204.222,43144,22
1570291254.523955,6,148,213.123.204.222,172.19.98.240,22,43144
1570291254.591604,6,132,172.19.98.240,213.123.204.222,43144,22
1570291254.66937,6,148,213.123.204.222,172.19.98.240,22,43144
1570291254.742323,6,132,172.19.98.240,213.123.204.222,43144,22
1570291254.820027,6,132,213.123.204.222,172.19.98.240,22,43144
1570291254.824254,6,1374,213.123.204.222,172.19.98.240,22,43144
1570291254.857146,6,1374,213.123.204.222,172.19.98.240,22,43144
1570291254.858881,6,108,213.123.204.222,172.19.98.240,22,43144
1570291254.886379,6,132,172.19.98.240,213.123.204.222,43144,22
1570291254.964524,6,148,213.123.204.222,172.19.98.240,22,43144
1570291255.04762,6,132,172.19.98.240,213.123.204.222,43144,22
1570291255.127783,6,148,213.123.204.222,172.19.98.240,22,43144
1570291256.29907,6,116,172.19.98.240,213.123.204.222,43144,22
1570291256.379423,6,980,213.123.204.222,172.19.98.240,22,43144
1570291256.417963,6,180,213.123.204.222,172.19.98.240,22,43144
1570291257.434185,6,116,172.19.98.240,213.123.204.222,43144,22
1570291257.513861,6,324,213.123.204.222,172.19.98.240,22,43144
1570291257.546185,6,116,172.19.98.240,213.123.204.222,43144,22
1570291257.5525,6,116,213.123.204.222,172.19.98.240,22,43144
1570291257.612967,6,116,172.19.98.240,213.123.204.222,43144,22
1570291257.648228,6,116,213.123.204.222,172.19.98.240,22,43144
1570291257.690076,6,116,213.123.204.222,172.19.98.240,22,43144
1570291257.768783,6,452,213.123.204.222,172.19.98.240,22,43144
1570291258.222926,6,116,172.19.98.240,213.123.204.222,43144,22
1570291258.303278,6,116,213.123.204.222,172.19.98.240,22,43144
1570291258.304114,6,116,172.19.98.240,213.123.204.222,43144,22
1570291258.381496,6,116,213.123.204.222,172.19.98.240,22,43144
1570291258.390651,6,116,172.19.98.240,213.123.204.222,43144,22
1570291258.427081,6,116,172.19.98.240,213.123.204.222,43144,22
1570291258.457397,6,116,172.19.98.240,213.123.204.222,43144,22
1570291258.467574,6,116,213.123.204.222,172.19.98.240,22,43144
1570291258.548624,6,116,213.123.204.222,172.19.98.240,22,43144
1570291258.587295,6,116,213.123.204.222,172.19.98.240,22,43144
1570291258.915345,6,116,172.19.98.240,213.123.204.222,43144,22
1570291258.978616,6,116,172.19.98.240,213.123.204.222,43144,22
1570291258.994741,6,116,213.123.204.222,172.19.98.240,22,43144
1570291259.038444,6,116,172.19.98.240,213.123.204.222,43144,22
1570291259.057249,6,116,213.123.204.222,172.19.98.240,22,43144
1570291259.117496,6,116,213.123.204.222,172.19.98.240,22,43144
1570291259.120324,6,116,172.19.98.240,213.123.204.222,43144,22
1570291259.212985,6,132,213.123.204.222,172.19.98.240,22,43144
1570291259.238619,6,116,172.19.98.240,213.123.204.222,43144,22
1570291259.316284,6,116,213.123.204.222,172.19.98.240,22,43144
1570291259.342416,6,1374,213.123.204.222,172.19.98.240,22,43144
1570291259.342519,6,1374,213.123.204.222,172.19.98.240,22,43144
1570291259.381151,6,1264,213.123.204.222,172.19.98.240,22,43144
1570291264.576689,6,132,172.19.98.240,213.123.204.222,43144,22
1570291264.656959,6,308,213.123.204.222,172.19.98.240,22,43144
1570291264.738739,6,132,172.19.98.240,213.123.204.222,43144,22
1570291264.752704,6,148,213.123.204.222,172.19.98.240,22,43144
1570291264.816644,6,148,213.123.204.222,172.19.98.240,22,43144
1570291264.884059,6,132,172.19.98.240,213.123.204.222,43144,22
1570291264.962185,6,148,213.123.204.222,172.19.98.240,22,43144
1570291265.030412,6,132,172.19.98.240,213.123.204.222,43144,22
1570291265.108076,6,148,213.123.204.222,172.19.98.240,22,43144
1570291265.207331,6,132,172.19.98.240,213.123.204.222,43144,22
1570291265.285717,6,148,213.123.204.222,172.19.98.240,22,43144
1570291265.554091,6,132,172.19.98.240,213.123.204.222,43144,22
1570291265.634428,6,148,213.123.204.222,172.19.98.240,22,43144
1570291266.480916,6,116,172.19.98.240,213.123.204.222,43144,22
1570291266.560565,6,148,213.123.204.222,172.19.98.240,22,43144
1570291266.599114,6,164,213.123.204.222,172.19.98.240,22,43144
1570291267.496069,6,132,172.19.98.240,213.123.204.222,43144,22
1570291267.575411,6,132,213.123.204.222,172.19.98.240,22,43144
1570291267.691334,6,132,172.19.98.240,213.123.204.222,43144,22
1570291267.778709,6,132,213.123.204.222,172.19.98.240,22,43144
1570291267.928223,6,132,172.19.98.240,213.123.204.222,43144,22
1570291268.008002,6,148,213.123.204.222,172.19.98.240,22,43144
1570291268.486641,6,132,172.19.98.240,213.123.204.222,43144,22
1570291268.565696,6,132,213.123.204.222,172.19.98.240,22,43144
1570291269.069602,6,116,172.19.98.240,213.123.204.222,43144,22
1570291269.148997,6,180,213.123.204.222,172.19.98.240,22,43144
1570291269.882753,6,116,172.19.98.240,213.123.204.222,43144,22
1570291269.961706,6,132,213.123.204.222,172.19.98.240,22,43144
1570291270.000493,6,228,213.123.204.222,172.19.98.240,22,43144
1570291270.10543,6,132,172.19.98.240,213.123.204.222,43144,22
1570291270.185198,6,180,213.123.204.222,172.19.98.240,22,43144
1570291270.261445,6,132,172.19.98.240,213.123.204.222,43144,22
1570291270.340743,6,132,213.123.204.222,172.19.98.240,22,43144
1570291270.380369,6,132,213.123.204.222,172.19.98.240,22,43144
1570291270.407977,6,132,172.19.98.240,213.123.204.222,43144,22
1570291270.486688,6,180,213.123.204.222,172.19.98.240,22,43144
1570291270.597413,6,132,172.19.98.240,213.123.204.222,43144,22
1570291270.675476,6,180,213.123.204.222,172.19.98.240,22,43144
1570291271.000283,6,132,172.19.98.240,213.123.204.222,43144,22
1570291271.292297,6,116,172.19.98.240,213.123.204.222,43144,22
1570291271.333564,6,132,172.19.98.240,213.123.204.222,43144,22
1570291271.377781,6,116,172.19.98.240,213.123.204.222,43144,22
1570291271.411233,6,132,213.123.204.222,172.19.98.240,22,43144
1570291271.450196,6,132,213.123.204.222,172.19.98.240,22,43144
1570291271.460759,6,116,172.19.98.240,213.123.204.222,43144,22
1570291271.527115,6,308,213.123.204.222,172.19.98.240,22,43144
1570291271.610358,6,308,213.123.204.222,172.19.98.240,22,43144
1570291271.630565,6,116,172.19.98.240,213.123.204.222,43144,22
1570291271.707825,6,132,213.123.204.222,172.19.98.240,22,43144
1570291271.721312,6,116,172.19.98.240,213.123.204.222,43144,22
1570291271.761793,6,228,213.123.204.222,172.19.98.240,22,43144
1570291271.849687,6,132,213.123.204.222,172.19.98.240,22,43144
1570291271.859998,6,116,172.19.98.240,213.123.204.222,43144,22
1570291271.888858,6,228,213.123.204.222,172.19.98.240,22,43144
1570291271.979787,6,116,172.19.98.240,213.123.204.222,43144,22
1570291271.986466,6,132,213.123.204.222,172.19.98.240,22,43144
1570291272.025428,6,228,213.123.204.222,172.19.98.240,22,43144
1570291272.063468,6,116,172.19.98.240,213.123.204.222,43144,22
1570291272.063854,6,132,213.123.204.222,172.19.98.240,22,43144
1570291272.16097,6,228,213.123.204.222,172.19.98.240,22,43144
1570291272.212638,6,324,213.123.204.222,172.19.98.240,22,43144
1570291272.683023,6,132,172.19.98.240,213.123.204.222,43144,22
1570291272.761786,6,116,213.123.204.222,172.19.98.240,22,43144
1570291273.326054,6,116,172.19.98.240,213.123.204.222,43144,22
1570291273.405614,6,132,213.123.204.222,172.19.98.240,22,43144
1570291273.443732,6,164,213.123.204.222,172.19.98.240,22,43144
1570291273.690187,6,132,172.19.98.240,213.123.204.222,43144,22
1570291273.769272,6,132,213.123.204.222,172.19.98.240,22,43144
1570291274.585739,6,132,172.19.98.240,213.123.204.222,43144,22
1570291274.665307,6,148,213.123.204.222,172.19.98.240,22,43144
1570291274.976863,6,132,172.19.98.240,213.123.204.222,43144,22
1570291275.056527,6,180,213.123.204.222,172.19.98.240,22,43144
1570291275.127911,6,132,172.19.98.240,213.123.204.222,43144,22
1570291275.166886,6,36,213.123.204.222,172.19.98.240,22,43144
1570291275.205252,6,180,213.123.204.222,172.19.98.240,22,43144
1570291275.281337,6,132,172.19.98.240,213.123.204.222,43144,22
1570291275.359702,6,180,213.123.204.222,172.19.98.240,22,43144
1570291275.420674,6,132,172.19.98.240,213.123.204.222,43144,22
1570291275.498333,6,180,213.123.204.222,172.19.98.240,22,43144
1570291275.564522,6,132,172.19.98.240,213.123.204.222,43144,22
1570291275.645232,6,180,213.123.204.222,172.19.98.240,22,43144
1570291275.72711,6,132,172.19.98.240,213.123.204.222,43144,22
1570291275.804486,6,132,213.123.204.222,172.19.98.240,22,43144
1570291275.843367,6,132,213.123.204.222,172.19.98.240,22,43144
1570291275.923179,6,132,172.19.98.240,213.123.204.222,43144,22
1570291276.00109,6,132,213.123.204.222,172.19.98.240,22,43144
1570291276.040466,6,132,213.123.204.222,172.19.98.240,22,43144
1570291276.450836,6,116,172.19.98.240,213.123.204.222,43144,22
1570291276.530279,6,132,213.123.204.222,172.19.98.240,22,43144
1570291276.569116,6,260,213.123.204.222,172.19.98.240,22,43144
1570291276.713831,6,116,172.19.98.240,213.123.204.222,43144,22
1570291276.794087,6,276,213.123.204.222,172.19.98.240,22,43144
1570291277.521151,6,116,172.19.98.240,213.123.204.222,43144,22
1570291277.601171,6,468,213.123.204.222,172.19.98.240,22,43144
1570291278.978691,6,116,172.19.98.240,213.123.204.222,43144,22
1570291279.059004,6,468,213.123.204.222,172.19.98.240,22,43144
1570291279.071809,6,116,172.19.98.240,213.123.204.222,43144,22
1570291279.099712,6,116,172.19.98.240,213.123.204.222,43144,22
1570291279.149197,6,180,213.123.204.222,172.19.98.240,22,43144
1570291279.152359,6,1374,213.123.204.222,172.19.98.240,22,43144
1570291279.191889,6,618,213.123.204.222,172.19.98.240,22,43144
1570291279.616345,6,116,172.19.98.240,213.123.204.222,43144,22
1570291279.69611,6,356,213.123.204.222,172.19.98.240,22,43144
1570291279.765739,6,116,172.19.98.240,213.123.204.222,43144,22
1570291279.794709,6,116,172.19.98.240,213.123.204.222,43144,22
1570291279.84318,6,116,213.123.204.222,172.19.98.240,22,43144
1570291279.862725,6,116,172.19.98.240,213.123.204.222,43144,22
1570291279.881894,6,116,213.123.204.222,172.19.98.240,22,43144
1570291279.964648,6,116,213.123.204.222,172.19.98.240,22,43144
1570291279.970282,6,116,172.19.98.240,213.123.204.222,43144,22
1570291280.048912,6,116,213.123.204.222,172.19.98.240,22,43144
1570291280.398956,6,116,172.19.98.240,213.123.204.222,43144,22
1570291280.479031,6,116,213.123.204.222,172.19.98.240,22,43144
1570291280.81683,6,116,172.19.98.240,213.123.204.222,43144,22
1570291280.896444,6,116,213.123.204.222,172.19.98.240,22,43144
1570291281.044599,6,116,172.19.98.240,213.123.204.222,43144,22
1570291281.124597,6,132,213.123.204.222,172.19.98.240,22,43144
1570291281.131168,6,116,172.19.98.240,213.123.204.222,43144,22
1570291281.208309,6,116,213.123.204.222,172.19.98.240,22,43144
1570291281.285092,6,116,172.19.98.240,213.123.204.222,43144,22
1570291281.37518,6,132,213.123.204.222,172.19.98.240,22,43144
1570291281.74861,6,116,172.19.98.240,213.123.204.222,43144,22
1570291281.827796,6,116,213.123.204.222,172.19.98.240,22,43144
1570291281.855254,6,1374,213.123.204.222,172.19.98.240,22,43144
1570291281.855344,6,1374,213.123.204.222,172.19.98.240,22,43144
1570291281.866731,6,1184,213.123.204.222,172.19.98.240,22,43144
1570291281.867473,6,36,172.19.98.240,213.123.204.222,43144,22
1570291282.199702,6,308,213.123.204.222,172.19.98.240,22,43144
1570291282.461019,6,132,172.19.98.240,213.123.204.222,43144,22
1570291282.539537,6,148,213.123.204.222,172.19.98.240,22,43144
1570291282.622357,6,132,172.19.98.240,213.123.204.222,43144,22
1570291282.699425,6,148,213.123.204.222,172.19.98.240,22,43144
1570291282.771678,6,132,172.19.98.240,213.123.204.222,43144,22
1570291282.849157,6,148,213.123.204.222,172.19.98.240,22,43144
1570291282.971711,6,132,172.19.98.240,213.123.204.222,43144,22
1570291283.050815,6,148,213.123.204.222,172.19.98.240,22,43144
1570291283.155238,6,132,172.19.98.240,213.123.204.222,43144,22
1570291283.234481,6,148,213.123.204.222,172.19.98.240,22,43144
1570291283.321063,6,132,172.19.98.240,213.123.204.222,43144,22
1570291283.399214,6,148,213.123.204.222,172.19.98.240,22,43144
1570291283.807106,6,132,172.19.98.240,213.123.204.222,43144,22
1570291283.889213,6,148,213.123.204.222,172.19.98.240,22,43144
1570291284.356768,6,132,172.19.98.240,213.123.204.222,43144,22
1570291284.436639,6,132,213.123.204.222,172.19.98.240,22,43144
1570291284.544578,6,132,172.19.98.240,213.123.204.222,43144,22
1570291284.625258,6,148,213.123.204.222,172.19.98.240,22,43144
1570291284.689577,6,132,172.19.98.240,213.123.204.222,43144,22
1570291284.767032,6,132,213.123.204.222,172.19.98.240,22,43144
1570291284.897846,6,132,172.19.98.240,213.123.204.222,43144,22
1570291284.976917,6,148,213.123.204.222,172.19.98.240,22,43144
1570291285.476186,6,132,172.19.98.240,213.123.204.222,43144,22
1570291285.555517,6,148,213.123.204.222,172.19.98.240,22,43144
1570291285.593917,6,148,213.123.204.222,172.19.98.240,22,43144
1570291285.635047,6,132,172.19.98.240,213.123.204.222,43144,22
1570291285.713582,6,132,213.123.204.222,172.19.98.240,22,43144
1570291285.75221,6,132,213.123.204.222,172.19.98.240,22,43144
1570291285.787786,6,132,172.19.98.240,213.123.204.222,43144,22
1570291285.865053,6,180,213.123.204.222,172.19.98.240,22,43144
1570291285.922444,6,132,172.19.98.240,213.123.204.222,43144,22
1570291286.000858,6,180,213.123.204.222,172.19.98.240,22,43144
1570291286.319695,6,132,172.19.98.240,213.123.204.222,43144,22
1570291286.399956,6,180,213.123.204.222,172.19.98.240,22,43144
1570291286.591023,6,116,172.19.98.240,213.123.204.222,43144,22
1570291286.669796,6,132,213.123.204.222,172.19.98.240,22,43144
1570291286.704895,6,116,172.19.98.240,213.123.204.222,43144,22
1570291286.709826,6,228,213.123.204.222,172.19.98.240,22,43144
1570291286.796532,6,260,213.123.204.222,172.19.98.240,22,43144
1570291286.800637,6,116,172.19.98.240,213.123.204.222,43144,22
1570291286.8777,6,260,213.123.204.222,172.19.98.240,22,43144
1570291286.953445,6,116,172.19.98.240,213.123.204.222,43144,22
1570291287.003554,6,116,172.19.98.240,213.123.204.222,43144,22
1570291287.030669,6,132,213.123.204.222,172.19.98.240,22,43144
1570291287.068919,6,228,213.123.204.222,172.19.98.240,22,43144
1570291287.144909,6,116,172.19.98.240,213.123.204.222,43144,22
1570291287.149593,6,308,213.123.204.222,172.19.98.240,22,43144
1570291287.221876,6,132,213.123.204.222,172.19.98.240,22,43144
1570291287.274547,6,116,172.19.98.240,213.123.204.222,43144,22
1570291287.352017,6,116,172.19.98.240,213.123.204.222,43144,22
1570291287.408099,6,228,213.123.204.222,172.19.98.240,22,43144
1570291287.549648,6,360,213.123.204.222,172.19.98.240,22,43144
1570291287.622876,6,360,213.123.204.222,172.19.98.240,22,43144
1570291287.675836,6,132,172.19.98.240,213.123.204.222,43144,22
1570291287.832884,6,132,213.123.204.222,172.19.98.240,22,43144
1570291288.163638,6,132,172.19.98.240,213.123.204.222,43144,22
1570291288.248512,6,164,213.123.204.222,172.19.98.240,22,43144
1570291288.359489,6,132,172.19.98.240,213.123.204.222,43144,22
1570291288.436519,6,116,213.123.204.222,172.19.98.240,22,43144
1570291288.91223,6,116,172.19.98.240,213.123.204.222,43144,22
1570291288.991213,6,132,213.123.204.222,172.19.98.240,22,43144
1570291289.029675,6,164,213.123.204.222,172.19.98.240,22,43144
1570291289.283967,6,132,172.19.98.240,213.123.204.222,43144,22
1570291289.363228,6,132,213.123.204.222,172.19.98.240,22,43144
1570291289.954715,6,132,172.19.98.240,213.123.204.222,43144,22
1570291290.037589,6,132,213.123.204.222,172.19.98.240,22,43144
1570291290.075693,6,132,213.123.204.222,172.19.98.240,22,43144
1570291290.226372,6,132,172.19.98.240,213.123.204.222,43144,22
1570291290.306089,6,132,213.123.204.222,172.19.98.240,22,43144
1570291290.344182,6,132,213.123.204.222,172.19.98.240,22,43144
1570291290.442897,6,116,172.19.98.240,213.123.204.222,43144,22
1570291290.520504,6,132,213.123.204.222,172.19.98.240,22,43144
1570291290.559004,6,260,213.123.204.222,172.19.98.240,22,43144
1570291290.972429,6,132,172.19.98.240,213.123.204.222,43144,22
1570291291.053578,6,132,213.123.204.222,172.19.98.240,22,43144
1570291291.093235,6,132,213.123.204.222,172.19.98.240,22,43144
1570291291.166197,6,132,172.19.98.240,213.123.204.222,43144,22
1570291291.245105,6,132,213.123.204.222,172.19.98.240,22,43144
1570291291.285123,6,132,213.123.204.222,172.19.98.240,22,43144
1570291291.305891,6,132,172.19.98.240,213.123.204.222,43144,22
1570291291.383364,6,132,213.123.204.222,172.19.98.240,22,43144
1570291291.487172,6,132,172.19.98.240,213.123.204.222,43144,22
1570291291.512548,6,132,213.123.204.222,172.19.98.240,22,43144
1570291291.566355,6,132,213.123.204.222,172.19.98.240,22,43144
1570291291.605476,6,132,213.123.204.222,172.19.98.240,22,43144
1570291292.015948,6,132,172.19.98.240,213.123.204.222,43144,22
1570291292.095859,6,132,213.123.204.222,172.19.98.240,22,43144
1570291292.134791,6,132,213.123.204.222,172.19.98.240,22,43144
1570291292.767278,6,132,172.19.98.240,213.123.204.222,43144,22
1570291292.847385,6,116,213.123.204.222,172.19.98.240,22,43144
1570291292.920095,6,132,172.19.98.240,213.123.204.222,43144,22
1570291292.997352,6,132,213.123.204.222,172.19.98.240,22,43144
1570291293.572926,6,116,172.19.98.240,213.123.204.222,43144,22
1570291293.653643,6,132,213.123.204.222,172.19.98.240,22,43144
1570291293.69289,6,164,213.123.204.222,172.19.98.240,22,43144
1570291294.129673,6,116,172.19.98.240,213.123.204.222,43144,22
1570291294.209343,6,132,213.123.204.222,172.19.98.240,22,43144
1570291294.248692,6,372,213.123.204.222,172.19.98.240,22,43144
1570291294.421699,6,116,172.19.98.240,213.123.204.222,43144,22
1570291294.500762,6,132,213.123.204.222,172.19.98.240,22,43144
1570291294.523633,6,116,172.19.98.240,213.123.204.222,43144,22
1570291294.539231,6,484,213.123.204.222,172.19.98.240,22,43144
1570291294.605978,6,1374,213.123.204.222,172.19.98.240,22,43144
1570291294.644176,6,766,213.123.204.222,172.19.98.240,22,43144
1570291295.428892,6,116,172.19.98.240,213.123.204.222,43144,22
1570291295.510777,6,324,213.123.204.222,172.19.98.240,22,43144
1570291295.549922,6,116,213.123.204.222,172.19.98.240,22,43144
1570291295.565725,6,116,172.19.98.240,213.123.204.222,43144,22
1570291295.611544,6,116,172.19.98.240,213.123.204.222,43144,22
1570291295.643284,6,116,213.123.204.222,172.19.98.240,22,43144
1570291295.664729,6,116,172.19.98.240,213.123.204.222,43144,22
1570291295.703074,6,116,213.123.204.222,172.19.98.240,22,43144
1570291295.730458,6,116,172.19.98.240,213.123.204.222,43144,22
1570291295.77084,6,116,213.123.204.222,172.19.98.240,22,43144
1570291295.825698,6,116,172.19.98.240,213.123.204.222,43144,22
1570291295.854536,6,116,213.123.204.222,172.19.98.240,22,43144
1570291295.903127,6,116,213.123.204.222,172.19.98.240,22,43144
1570291295.941116,6,116,172.19.98.240,213.123.204.222,43144,22
1570291296.018165,6,116,213.123.204.222,172.19.98.240,22,43144
1570291296.099795,6,116,172.19.98.240,213.123.204.222,43144,22
1570291296.186713,6,132,213.123.204.222,172.19.98.240,22,43144
1570291296.252382,6,116,172.19.98.240,213.123.204.222,43144,22
1570291296.330135,6,116,213.123.204.222,172.19.98.240,22,43144
1570291296.356278,6,1374,213.123.204.222,172.19.98.240,22,43144
1570291296.356307,6,1374,213.123.204.222,172.19.98.240,22,43144
1570291296.357634,6,1374,213.123.204.222,172.19.98.240,22,43144
1570291296.371518,6,1374,213.123.204.222,172.19.98.240,22,43144
1570291296.371603,6,52,213.123.204.222,172.19.98.240,22,43144
1570291296.843198,6,132,172.19.98.240,213.123.204.222,43144,22
1570291296.922838,6,372,213.123.204.222,172.19.98.240,22,43144
1570291297.028017,6,132,172.19.98.240,213.123.204.222,43144,22
1570291297.10763,6,148,213.123.204.222,172.19.98.240,22,43144
1570291297.179288,6,132,172.19.98.240,213.123.204.222,43144,22
1570291297.257871,6,148,213.123.204.222,172.19.98.240,22,43144
1570291297.330772,6,132,172.19.98.240,213.123.204.222,43144,22
1570291297.40799,6,148,213.123.204.222,172.19.98.240,22,43144
1570291297.507497,6,132,172.19.98.240,213.123.204.222,43144,22
1570291297.584806,6,148,213.123.204.222,172.19.98.240,22,43144
1570291297.656162,6,132,172.19.98.240,213.123.204.222,43144,22
1570291297.733838,6,148,213.123.204.222,172.19.98.240,22,43144
1570291297.856648,6,132,172.19.98.240,213.123.204.222,43144,22
1570291297.936171,6,148,213.123.204.222,172.19.98.240,22,43144
1570291298.400364,6,132,172.19.98.240,213.123.204.222,43144,22
1570291298.479846,6,132,213.123.204.222,172.19.98.240,22,43144
1570291298.561274,6,132,172.19.98.240,213.123.204.222,43144,22
1570291298.640277,6,132,213.123.204.222,172.19.98.240,22,43144
1570291298.713514,6,132,172.19.98.240,213.123.204.222,43144,22
1570291298.791279,6,132,213.123.204.222,172.19.98.240,22,43144
1570291298.894501,6,132,172.19.98.240,213.123.204.222,43144,22
1570291298.972818,6,148,213.123.204.222,172.19.98.240,22,43144
1570291299.478151,6,132,172.19.98.240,213.123.204.222,43144,22
1570291299.559947,6,148,213.123.204.222,172.19.98.240,22,43144
1570291299.598938,6,148,213.123.204.222,172.19.98.240,22,43144
1570291299.62851,6,132,172.19.98.240,213.123.204.222,43144,22
1570291299.706627,6,180,213.123.204.222,172.19.98.240,22,43144
1570291299.782454,6,132,172.19.98.240,213.123.204.222,43144,22
1570291299.860027,6,132,213.123.204.222,172.19.98.240,22,43144
1570291299.899686,6,132,213.123.204.222,172.19.98.240,22,43144
1570291299.93092,6,132,172.19.98.240,213.123.204.222,43144,22
1570291300.009214,6,132,213.123.204.222,172.19.98.240,22,43144
1570291300.089091,6,132,213.123.204.222,172.19.98.240,22,43144
1570291300.370456,6,132,172.19.98.240,213.123.204.222,43144,22
1570291300.451205,6,180,213.123.204.222,172.19.98.240,22,43144
1570291300.634461,6,116,172.19.98.240,213.123.204.222,43144,22
1570291300.715687,6,132,213.123.204.222,172.19.98.240,22,43144
1570291300.728613,6,116,172.19.98.240,213.123.204.222,43144,22
1570291300.75435,6,228,213.123.204.222,172.19.98.240,22,43144
1570291300.804595,6,116,172.19.98.240,213.123.204.222,43144,22
1570291300.83672,6,132,213.123.204.222,172.19.98.240,22,43144
1570291300.880211,6,228,213.123.204.222,172.19.98.240,22,43144
1570291300.958518,6,308,213.123.204.222,172.19.98.240,22,43144
1570291301.004463,6,116,172.19.98.240,213.123.204.222,43144,22
1570291301.082575,6,132,213.123.204.222,172.19.98.240,22,43144
1570291301.10428,6,116,172.19.98.240,213.123.204.222,43144,22
1570291301.122808,6,228,213.123.204.222,172.19.98.240,22,43144
1570291301.204141,6,132,213.123.204.222,172.19.98.240,22,43144
1570291301.246164,6,116,172.19.98.240,213.123.204.222,43144,22
1570291301.262876,6,228,213.123.204.222,172.19.98.240,22,43144
1570291301.324058,6,132,213.123.204.222,172.19.98.240,22,43144
1570291301.377148,6,116,172.19.98.240,213.123.204.222,43144,22
1570291301.402764,6,228,213.123.204.222,172.19.98.240,22,43144
1570291301.455141,6,132,213.123.204.222,172.19.98.240,22,43144
1570291301.461518,6,116,172.19.98.240,213.123.204.222,43144,22
1570291301.540283,6,228,213.123.204.222,172.19.98.240,22,43144
1570291301.620182,6,308,213.123.204.222,172.19.98.240,22,43144
1570291301.92918,6,132,172.19.98.240,213.123.204.222,43144,22
1570291302.008562,6,116,213.123.204.222,172.19.98.240,22,43144
1570291302.378182,6,116,172.19.98.240,213.123.204.222,43144,22
1570291302.456659,6,132,213.123.204.222,172.19.98.240,22,43144
1570291302.496977,6,164,213.123.204.222,172.19.98.240,22,43144
1570291303.100498,6,132,172.19.98.240,213.123.204.222,43144,22
1570291303.18051,6,132,213.123.204.222,172.19.98.240,22,43144
1570291303.470765,6,116,172.19.98.240,213.123.204.222,43144,22
1570291303.550238,6,132,213.123.204.222,172.19.98.240,22,43144
1570291303.588684,6,308,213.123.204.222,172.19.98.240,22,43144
1570291303.794996,6,132,172.19.98.240,213.123.204.222,43144,22
1570291303.874334,6,132,213.123.204.222,172.19.98.240,22,43144
1570291303.912814,6,132,213.123.204.222,172.19.98.240,22,43144
1570291303.96445,6,132,172.19.98.240,213.123.204.222,43144,22
1570291304.043088,6,132,213.123.204.222,172.19.98.240,22,43144
1570291304.103881,6,132,172.19.98.240,213.123.204.222,43144,22
1570291304.143537,6,132,213.123.204.222,172.19.98.240,22,43144
1570291304.251068,6,132,213.123.204.222,172.19.98.240,22,43144
1570291304.254411,6,132,172.19.98.240,213.123.204.222,43144,22
1570291304.293384,6,132,213.123.204.222,172.19.98.240,22,43144
1570291304.380072,6,180,213.123.204.222,172.19.98.240,22,43144
1570291304.403307,6,132,172.19.98.240,213.123.204.222,43144,22
1570291304.481799,6,132,213.123.204.222,172.19.98.240,22,43144
1570291304.549412,6,132,172.19.98.240,213.123.204.222,43144,22
1570291304.563944,6,132,213.123.204.222,172.19.98.240,22,43144
1570291304.628066,6,132,213.123.204.222,172.19.98.240,22,43144
1570291304.66624,6,132,213.123.204.222,172.19.98.240,22,43144
1570291304.729153,6,132,172.19.98.240,213.123.204.222,43144,22
1570291304.808084,6,132,213.123.204.222,172.19.98.240,22,43144
1570291304.846654,6,132,213.123.204.222,172.19.98.240,22,43144
1570291305.445729,6,132,172.19.98.240,213.123.204.222,43144,22
1570291305.525446,6,116,213.123.204.222,172.19.98.240,22,43144
1570291305.591413,6,132,172.19.98.240,213.123.204.222,43144,22
1570291305.669508,6,132,213.123.204.222,172.19.98.240,22,43144
1570291306.175384,6,116,172.19.98.240,213.123.204.222,43144,22
1570291306.256948,6,132,213.123.204.222,172.19.98.240,22,43144
1570291306.295413,6,164,213.123.204.222,172.19.98.240,22,43144
1570291307.802955,6,116,172.19.98.240,213.123.204.222,43144,22
1570291307.882938,6,404,213.123.204.222,172.19.98.240,22,43144
1570291308.216026,6,116,172.19.98.240,213.123.204.222,43144,22
1570291308.296805,6,132,213.123.204.222,172.19.98.240,22,43144
1570291308.301564,6,116,172.19.98.240,213.123.204.222,43144,22
1570291308.336485,6,532,213.123.204.222,172.19.98.240,22,43144
1570291308.380487,6,1374,213.123.204.222,172.19.98.240,22,43144
1570291308.418671,6,718,213.123.204.222,172.19.98.240,22,43144
1570291309.659599,6,116,172.19.98.240,213.123.204.222,43144,22
1570291309.740175,6,324,213.123.204.222,172.19.98.240,22,43144
1570291309.778672,6,228,213.123.204.222,172.19.98.240,22,43144
1570291310.904071,6,116,172.19.98.240,213.123.204.222,43144,22
1570291310.982037,6,116,172.19.98.240,213.123.204.222,43144,22
1570291310.984044,6,116,213.123.204.222,172.19.98.240,22,43144
1570291311.059247,6,116,213.123.204.222,172.19.98.240,22,43144
1570291311.07051,6,116,172.19.98.240,213.123.204.222,43144,22
1570291311.14798,6,116,213.123.204.222,172.19.98.240,22,43144
1570291311.232834,6,452,213.123.204.222,172.19.98.240,22,43144
1570291313.125637,6,116,172.19.98.240,213.123.204.222,43144,22
1570291313.206642,6,116,213.123.204.222,172.19.98.240,22,43144
1570291313.212798,6,116,172.19.98.240,213.123.204.222,43144,22
1570291313.295213,6,116,213.123.204.222,172.19.98.240,22,43144
1570291313.304772,6,116,172.19.98.240,213.123.204.222,43144,22
1570291313.38197,6,116,213.123.204.222,172.19.98.240,22,43144
1570291314.352533,6,116,172.19.98.240,213.123.204.222,43144,22
1570291314.432449,6,180,213.123.204.222,172.19.98.240,22,43144
1570291314.511525,6,116,172.19.98.240,213.123.204.222,43144,22
1570291314.589232,6,228,213.123.204.222,172.19.98.240,22,43144
1570291316.382679,6,116,172.19.98.240,213.123.204.222,43144,22
1570291316.418282,6,116,172.19.98.240,213.123.204.222,43144,22
1570291316.46243,6,116,213.123.204.222,172.19.98.240,22,43144
1570291316.500643,6,116,213.123.204.222,172.19.98.240,22,43144
1570291316.519829,6,116,172.19.98.240,213.123.204.222,43144,22
1570291316.597382,6,116,213.123.204.222,172.19.98.240,22,43144
1570291316.628755,6,116,172.19.98.240,213.123.204.222,43144,22
1570291316.706353,6,116,213.123.204.222,172.19.98.240,22,43144
1570291316.776431,6,116,172.19.98.240,213.123.204.222,43144,22
1570291316.838137,6,116,172.19.98.240,213.123.204.222,43144,22
1570291316.855067,6,116,213.123.204.222,172.19.98.240,22,43144
1570291316.924271,6,116,213.123.204.222,172.19.98.240,22,43144
1570291316.962888,6,116,172.19.98.240,213.123.204.222,43144,22
1570291317.040198,6,212,213.123.204.222,172.19.98.240,22,43144
1570291317.084812,6,116,172.19.98.240,213.123.204.222,43144,22
1570291317.162668,6,116,213.123.204.222,172.19.98.240,22,43144
1570291317.188397,6,116,172.19.98.240,213.123.204.222,43144,22
1570291317.250345,6,116,172.19.98.240,213.123.204.222,43144,22
1570291317.265916,6,116,213.123.204.222,172.19.98.240,22,43144
1570291317.34765,6,116,213.123.204.222,172.19.98.240,22,43144
1570291317.381017,6,116,172.19.98.240,213.123.204.222,43144,22
1570291317.406922,6,340,213.123.204.222,172.19.98.240,22,43144
1570291317.446299,6,116,172.19.98.240,213.123.204.222,43144,22
1570291317.485196,6,116,213.123.204.222,172.19.98.240,22,43144
1570291317.569569,6,116,213.123.204.222,172.19.98.240,22,43144
1570291317.574295,6,116,172.19.98.240,213.123.204.222,43144,22
1570291317.651832,6,116,213.123.204.222,172.19.98.240,22,43144
1570291318.180243,6,116,172.19.98.240,213.123.204.222,43144,22
1570291318.260443,6,116,213.123.204.222,172.19.98.240,22,43144
1570291318.424786,6,116,172.19.98.240,213.123.204.222,43144,22
1570291318.504162,6,132,213.123.204.222,172.19.98.240,22,43144
1570291318.523035,6,116,172.19.98.240,213.123.204.222,43144,22
1570291318.600706,6,116,213.123.204.222,172.19.98.240,22,43144
1570291318.707074,6,116,172.19.98.240,213.123.204.222,43144,22
1570291318.79192,6,132,213.123.204.222,172.19.98.240,22,43144
1570291318.918468,6,116,172.19.98.240,213.123.204.222,43144,22
1570291318.997689,6,116,213.123.204.222,172.19.98.240,22,43144
1570291319.035868,6,180,213.123.204.222,172.19.98.240,22,43144
1570291319.094823,6,116,172.19.98.240,213.123.204.222,43144,22
1570291319.172821,6,116,213.123.204.222,172.19.98.240,22,43144
1570291319.201697,6,116,172.19.98.240,213.123.204.222,43144,22
1570291319.235831,6,116,172.19.98.240,213.123.204.222,43144,22
1570291319.278834,6,116,213.123.204.222,172.19.98.240,22,43144
1570291319.377147,6,456,213.123.204.222,172.19.98.240,22,43144
1570291320.135706,6,116,172.19.98.240,213.123.204.222,43144,22
1570291320.215249,6,116,213.123.204.222,172.19.98.240,22,43144
1570291320.232396,6,116,172.19.98.240,213.123.204.222,43144,22
1570291320.309964,6,116,213.123.204.222,172.19.98.240,22,43144
1570291320.318176,6,116,172.19.98.240,213.123.204.222,43144,22
1570291320.37608,6,116,172.19.98.240,213.123.204.222,43144,22
1570291320.395257,6,116,213.123.204.222,172.19.98.240,22,43144
1570291320.411745,6,116,172.19.98.240,213.123.204.222,43144,22
1570291320.456322,6,116,213.123.204.222,172.19.98.240,22,43144
1570291320.524149,6,116,172.19.98.240,213.123.204.222,43144,22
1570291320.536172,6,116,213.123.204.222,172.19.98.240,22,43144
1570291320.597888,6,116,172.19.98.240,213.123.204.222,43144,22
1570291320.601418,6,116,213.123.204.222,172.19.98.240,22,43144
1570291320.645928,6,116,172.19.98.240,213.123.204.222,43144,22
1570291320.677014,6,116,213.123.204.222,172.19.98.240,22,43144
1570291320.70704,6,116,172.19.98.240,213.123.204.222,43144,22
1570291320.724131,6,116,213.123.204.222,172.19.98.240,22,43144
1570291320.806757,6,132,213.123.204.222,172.19.98.240,22,43144
1570291320.853673,6,116,172.19.98.240,213.123.204.222,43144,22
1570291321.169731,6,116,172.19.98.240,213.123.204.222,43144,22
1570291321.349439,6,116,213.123.204.222,172.19.98.240,22,43144
1570291321.387016,6,1374,213.123.204.222,172.19.98.240,22,43144
1570291321.387104,6,1374,213.123.204.222,172.19.98.240,22,43144
1570291321.38715,6,1374,213.123.204.222,172.19.98.240,22,43144
1570291321.388754,6,98,213.123.204.222,172.19.98.240,22,43144
1570291327.482366,6,308,213.123.204.222,172.19.98.240,22,43144
1570291328.287773,6,116,172.19.98.240,213.123.204.222,43144,22
1570291328.366822,6,212,213.123.204.222,172.19.98.240,22,43144
1570291328.369567,6,1374,213.123.204.222,172.19.98.240,22,43144
1570291328.405492,6,378,213.123.204.222,172.19.98.240,22,43144
1570291328.643215,6,116,172.19.98.240,213.123.204.222,43144,22
1570291328.727873,6,116,172.19.98.240,213.123.204.222,43144,22
1570291328.793857,6,116,213.123.204.222,172.19.98.240,22,43144
1570291328.847877,6,116,172.19.98.240,213.123.204.222,43144,22
1570291328.932911,6,116,172.19.98.240,213.123.204.222,43144,22
1570291329.010317,6,356,213.123.204.222,172.19.98.240,22,43144
1570291329.108284,6,372,213.123.204.222,172.19.98.240,22,43144
1570291331.406557,6,116,172.19.98.240,213.123.204.222,43144,22
1570291331.486675,6,228,213.123.204.222,172.19.98.240,22,43144
1570291333.757121,6,116,172.19.98.240,213.123.204.222,43144,22
1570291333.836738,6,116,213.123.204.222,172.19.98.240,22,43144
1570291333.875116,6,116,172.19.98.240,213.123.204.222,43144,22
1570291333.90057,6,116,172.19.98.240,213.123.204.222,43144,22
1570291333.952403,6,116,213.123.204.222,172.19.98.240,22,43144
1570291333.990882,6,452,213.123.204.222,172.19.98.240,22,43144
