packet_id,time,proto,data_length,ip_src,ip_dst,src_port,dst_port
0,1551434077.156869,6,216,192.168.1.149,216.58.211.46,44724,443
1,1551434077.15757,6,46,192.168.1.149,216.58.211.46,44724,443
2,1551434077.175867,6,46,216.58.211.46,192.168.1.149,443,44724
3,1551434077.234692,6,172,216.58.211.46,192.168.1.149,443,44724
4,1551434077.234735,6,107,216.58.211.46,192.168.1.149,443,44724
5,1551434077.234959,6,121,216.58.211.46,192.168.1.149,443,44724
6,1551434077.263487,6,224,192.168.1.149,130.206.193.108,41570,443
7,1551434077.263669,6,224,192.168.1.149,130.206.193.108,41572,443
8,1551434077.290299,6,1448,130.206.193.108,192.168.1.149,443,41570
9,1551434077.291182,6,1448,130.206.193.108,192.168.1.149,443,41570
10,1551434077.291224,6,241,130.206.193.108,192.168.1.149,443,41570
11,1551434077.291483,6,1448,130.206.193.108,192.168.1.149,443,41572
12,1551434077.291507,6,1448,130.206.193.108,192.168.1.149,443,41572
13,1551434077.291518,6,241,130.206.193.108,192.168.1.149,443,41572
14,1551434077.294296,6,258,192.168.1.149,130.206.193.108,41570,443
15,1551434077.295122,6,258,192.168.1.149,130.206.193.108,41572,443
16,1551434077.311203,6,278,130.206.193.108,192.168.1.149,443,41570
17,1551434077.313262,6,278,130.206.193.108,192.168.1.149,443,41572
18,1551434077.314966,6,456,192.168.1.149,130.206.193.108,41570,443
19,1551434077.315038,6,462,192.168.1.149,130.206.193.108,41572,443
20,1551434077.332925,6,216,130.206.193.108,192.168.1.149,443,41570
21,1551434077.332944,6,216,130.206.193.108,192.168.1.149,443,41572
22,1551434077.598094,6,1418,216.58.211.46,192.168.1.149,443,44724
23,1551434077.598135,6,1418,216.58.211.46,192.168.1.149,443,44724
24,1551434077.598811,6,1418,216.58.211.46,192.168.1.149,443,44724
25,1551434077.598835,6,1418,216.58.211.46,192.168.1.149,443,44724
26,1551434077.598846,6,1418,216.58.211.46,192.168.1.149,443,44724
27,1551434077.614903,6,1418,216.58.211.46,192.168.1.149,443,44724
28,1551434077.615783,6,1418,216.58.211.46,192.168.1.149,443,44724
29,1551434077.616909,6,1418,216.58.211.46,192.168.1.149,443,44724
30,1551434077.61694,6,1418,216.58.211.46,192.168.1.149,443,44724
31,1551434077.618462,6,1418,216.58.211.46,192.168.1.149,443,44724
32,1551434077.618489,6,1418,216.58.211.46,192.168.1.149,443,44724
33,1551434077.619846,6,1418,216.58.211.46,192.168.1.149,443,44724
34,1551434077.619878,6,1418,216.58.211.46,192.168.1.149,443,44724
35,1551434077.620136,6,998,216.58.211.46,192.168.1.149,443,44724
36,1551434077.646576,6,1418,216.58.211.46,192.168.1.149,443,44724
37,1551434077.647151,6,1418,216.58.211.46,192.168.1.149,443,44724
38,1551434077.64721,6,1418,216.58.211.46,192.168.1.149,443,44724
39,1551434077.647274,6,1418,216.58.211.46,192.168.1.149,443,44724
40,1551434077.648831,6,1418,216.58.211.46,192.168.1.149,443,44724
41,1551434077.648911,6,1418,216.58.211.46,192.168.1.149,443,44724
42,1551434077.649472,6,1418,216.58.211.46,192.168.1.149,443,44724
43,1551434077.649519,6,1418,216.58.211.46,192.168.1.149,443,44724
44,1551434077.649965,6,1418,216.58.211.46,192.168.1.149,443,44724
45,1551434077.650048,6,1418,216.58.211.46,192.168.1.149,443,44724
46,1551434077.651165,6,1418,216.58.211.46,192.168.1.149,443,44724
47,1551434077.651305,6,1418,216.58.211.46,192.168.1.149,443,44724
48,1551434077.652184,6,1418,216.58.211.46,192.168.1.149,443,44724
49,1551434077.652335,6,1418,216.58.211.46,192.168.1.149,443,44724
50,1551434077.653717,6,1418,216.58.211.46,192.168.1.149,443,44724
51,1551434077.653858,6,1418,216.58.211.46,192.168.1.149,443,44724
52,1551434077.654791,6,1418,216.58.211.46,192.168.1.149,443,44724
53,1551434077.654949,6,1418,216.58.211.46,192.168.1.149,443,44724
54,1551434077.655856,6,1384,216.58.211.46,192.168.1.149,443,44724
55,1551434077.661772,6,38,216.58.211.46,192.168.1.149,443,44724
56,1551434077.66203,6,46,216.58.211.46,192.168.1.149,443,44724
57,1551434077.662887,6,46,192.168.1.149,216.58.211.46,44724,443
58,1551434077.715753,6,786,192.168.1.149,216.58.211.46,44724,443
59,1551434077.734728,6,90,192.168.1.149,216.58.211.46,44724,443
60,1551434077.734774,6,1368,192.168.1.149,216.58.211.46,44724,443
61,1551434077.734929,6,1368,192.168.1.149,216.58.211.46,44724,443
62,1551434077.735107,6,90,192.168.1.149,216.58.211.46,44724,443
63,1551434077.755731,6,167,216.58.211.46,192.168.1.149,443,44724
64,1551434077.755985,6,38,216.58.211.46,192.168.1.149,443,44724
65,1551434077.756102,6,46,216.58.211.46,192.168.1.149,443,44724
66,1551434077.765293,6,46,192.168.1.149,216.58.211.46,44724,443
67,1551434077.76671,17,53,192.168.1.149,192.168.1.1,50344,53
68,1551434077.768165,17,327,192.168.1.1,192.168.1.149,53,50344
69,1551434077.780778,6,1258,192.168.1.149,130.206.193.108,41572,443
70,1551434077.780951,6,1140,192.168.1.149,130.206.193.108,41570,443
71,1551434077.788413,17,61,192.168.1.149,192.168.1.1,48487,53
72,1551434077.792195,6,218,192.168.1.149,216.58.201.130,55550,443
73,1551434077.840486,6,1418,216.58.201.130,192.168.1.149,443,55550
74,1551434077.840669,6,1357,216.58.201.130,192.168.1.149,443,55550
75,1551434077.841838,6,258,192.168.1.149,216.58.201.130,55550,443
76,1551434077.843215,6,93,192.168.1.149,216.58.201.130,55550,443
77,1551434077.84341,6,611,192.168.1.149,216.58.201.130,55550,443
78,1551434077.857258,6,1448,130.206.193.108,192.168.1.149,443,41570
79,1551434077.857419,6,1448,130.206.193.108,192.168.1.149,443,41570
80,1551434077.85769,6,1448,130.206.193.108,192.168.1.149,443,41570
81,1551434077.857711,6,1448,130.206.193.108,192.168.1.149,443,41570
82,1551434077.857727,6,1448,130.206.193.108,192.168.1.149,443,41570
83,1551434077.857737,6,1448,130.206.193.108,192.168.1.149,443,41570
84,1551434077.857746,6,1448,130.206.193.108,192.168.1.149,443,41570
85,1551434077.857755,6,1448,130.206.193.108,192.168.1.149,443,41570
86,1551434077.858223,6,1448,130.206.193.108,192.168.1.149,443,41570
87,1551434077.858617,6,1448,130.206.193.108,192.168.1.149,443,41570
88,1551434077.859277,6,1448,130.206.193.108,192.168.1.149,443,41570
89,1551434077.859422,6,1448,130.206.193.108,192.168.1.149,443,41570
90,1551434077.860423,6,1448,130.206.193.108,192.168.1.149,443,41570
91,1551434077.860572,6,1448,130.206.193.108,192.168.1.149,443,41570
92,1551434077.860974,6,321,216.58.201.130,192.168.1.149,443,55550
93,1551434077.861084,6,69,216.58.201.130,192.168.1.149,443,55550
94,1551434077.861142,6,38,192.168.1.149,216.58.201.130,55550,443
95,1551434077.861346,6,38,216.58.201.130,192.168.1.149,443,55550
96,1551434077.862368,6,1448,130.206.193.108,192.168.1.149,443,41570
97,1551434077.862661,6,1448,130.206.193.108,192.168.1.149,443,41570
98,1551434077.862813,6,1448,130.206.193.108,192.168.1.149,443,41570
99,1551434077.8631,6,1448,130.206.193.108,192.168.1.149,443,41570
100,1551434077.863865,6,1448,130.206.193.108,192.168.1.149,443,41570
101,1551434077.864983,17,364,192.168.1.1,192.168.1.149,53,48487
102,1551434077.867211,6,1448,130.206.193.108,192.168.1.149,443,41570
103,1551434077.867814,6,1448,130.206.193.108,192.168.1.149,443,41570
104,1551434077.867834,6,1448,130.206.193.108,192.168.1.149,443,41570
105,1551434077.873874,6,1448,130.206.193.108,192.168.1.149,443,41570
106,1551434077.874135,6,1448,130.206.193.108,192.168.1.149,443,41570
107,1551434077.874853,6,1448,130.206.193.108,192.168.1.149,443,41570
108,1551434077.874996,6,1448,130.206.193.108,192.168.1.149,443,41570
109,1551434077.875614,6,1448,130.206.193.108,192.168.1.149,443,41570
110,1551434077.875751,6,1448,130.206.193.108,192.168.1.149,443,41570
111,1551434077.876117,6,1448,130.206.193.108,192.168.1.149,443,41572
112,1551434077.876134,6,1448,130.206.193.108,192.168.1.149,443,41572
113,1551434077.876784,6,1448,130.206.193.108,192.168.1.149,443,41572
114,1551434077.876804,6,1448,130.206.193.108,192.168.1.149,443,41572
115,1551434077.876814,6,1448,130.206.193.108,192.168.1.149,443,41572
116,1551434077.877118,6,1448,130.206.193.108,192.168.1.149,443,41572
117,1551434077.877131,6,1448,130.206.193.108,192.168.1.149,443,41570
118,1551434077.87768,6,1448,130.206.193.108,192.168.1.149,443,41570
119,1551434077.877696,6,1448,130.206.193.108,192.168.1.149,443,41572
120,1551434077.877717,6,1448,130.206.193.108,192.168.1.149,443,41572
121,1551434077.878264,6,1448,130.206.193.108,192.168.1.149,443,41572
122,1551434077.87828,6,1448,130.206.193.108,192.168.1.149,443,41572
123,1551434077.878971,6,1448,130.206.193.108,192.168.1.149,443,41570
124,1551434077.878988,6,1448,130.206.193.108,192.168.1.149,443,41570
125,1551434077.879632,6,1448,130.206.193.108,192.168.1.149,443,41572
126,1551434077.87965,6,1448,130.206.193.108,192.168.1.149,443,41572
127,1551434077.879669,6,1448,130.206.193.108,192.168.1.149,443,41570
128,1551434077.879677,6,1448,130.206.193.108,192.168.1.149,443,41570
129,1551434077.880229,6,1448,130.206.193.108,192.168.1.149,443,41572
130,1551434077.880253,6,1448,130.206.193.108,192.168.1.149,443,41572
131,1551434077.880798,6,1448,130.206.193.108,192.168.1.149,443,41570
132,1551434077.880817,6,1448,130.206.193.108,192.168.1.149,443,41570
133,1551434077.882345,6,1448,130.206.193.108,192.168.1.149,443,41572
134,1551434077.882367,6,1448,130.206.193.108,192.168.1.149,443,41572
135,1551434077.882907,6,1448,130.206.193.108,192.168.1.149,443,41570
136,1551434077.882922,6,1448,130.206.193.108,192.168.1.149,443,41570
137,1551434077.882941,6,1448,130.206.193.108,192.168.1.149,443,41572
138,1551434077.882948,6,1448,130.206.193.108,192.168.1.149,443,41572
139,1551434077.882955,6,1448,130.206.193.108,192.168.1.149,443,41570
140,1551434077.882965,6,1448,130.206.193.108,192.168.1.149,443,41570
141,1551434077.883595,6,1448,130.206.193.108,192.168.1.149,443,41572
142,1551434077.883611,6,1448,130.206.193.108,192.168.1.149,443,41570
143,1551434077.883618,6,1448,130.206.193.108,192.168.1.149,443,41570
144,1551434077.883927,6,1448,130.206.193.108,192.168.1.149,443,41572
145,1551434077.883936,6,1448,130.206.193.108,192.168.1.149,443,41572
146,1551434077.884581,6,1448,130.206.193.108,192.168.1.149,443,41570
147,1551434077.884589,6,1448,130.206.193.108,192.168.1.149,443,41570
148,1551434077.884594,6,1448,130.206.193.108,192.168.1.149,443,41572
149,1551434077.884914,6,1448,130.206.193.108,192.168.1.149,443,41572
150,1551434077.884923,6,1448,130.206.193.108,192.168.1.149,443,41570
151,1551434077.885351,6,1448,130.206.193.108,192.168.1.149,443,41570
152,1551434077.885367,6,1448,130.206.193.108,192.168.1.149,443,41572
153,1551434077.885388,6,1448,130.206.193.108,192.168.1.149,443,41572
154,1551434077.885957,6,1297,130.206.193.108,192.168.1.149,443,41570
155,1551434077.888655,6,1448,130.206.193.108,192.168.1.149,443,41572
156,1551434077.891979,6,1448,130.206.193.108,192.168.1.149,443,41572
157,1551434077.892188,6,1448,130.206.193.108,192.168.1.149,443,41572
158,1551434077.892404,6,1448,130.206.193.108,192.168.1.149,443,41572
159,1551434077.89256,6,1448,130.206.193.108,192.168.1.149,443,41572
160,1551434077.893626,6,1448,130.206.193.108,192.168.1.149,443,41572
161,1551434077.893779,6,1448,130.206.193.108,192.168.1.149,443,41572
162,1551434077.894335,6,1448,130.206.193.108,192.168.1.149,443,41572
163,1551434077.894487,6,1448,130.206.193.108,192.168.1.149,443,41572
164,1551434077.895326,6,1448,130.206.193.108,192.168.1.149,443,41572
165,1551434077.895476,6,1448,130.206.193.108,192.168.1.149,443,41572
166,1551434077.896275,6,1448,130.206.193.108,192.168.1.149,443,41572
167,1551434077.896421,6,1448,130.206.193.108,192.168.1.149,443,41572
168,1551434077.89725,6,1448,130.206.193.108,192.168.1.149,443,41572
169,1551434077.897402,6,1448,130.206.193.108,192.168.1.149,443,41572
170,1551434077.898126,6,1448,130.206.193.108,192.168.1.149,443,41572
171,1551434077.898267,6,1448,130.206.193.108,192.168.1.149,443,41572
172,1551434077.899656,6,1448,130.206.193.108,192.168.1.149,443,41572
173,1551434077.899805,6,1448,130.206.193.108,192.168.1.149,443,41572
174,1551434077.900406,6,1448,130.206.193.108,192.168.1.149,443,41572
175,1551434077.900554,6,1448,130.206.193.108,192.168.1.149,443,41572
176,1551434077.901128,6,1448,130.206.193.108,192.168.1.149,443,41572
177,1551434077.901274,6,1448,130.206.193.108,192.168.1.149,443,41572
178,1551434077.901931,6,1448,130.206.193.108,192.168.1.149,443,41572
179,1551434077.90243,6,1448,130.206.193.108,192.168.1.149,443,41572
180,1551434077.902728,6,1448,130.206.193.108,192.168.1.149,443,41572
181,1551434077.903206,6,1448,130.206.193.108,192.168.1.149,443,41572
182,1551434077.904305,6,1448,130.206.193.108,192.168.1.149,443,41572
183,1551434077.904373,6,1448,130.206.193.108,192.168.1.149,443,41572
184,1551434077.905187,6,1448,130.206.193.108,192.168.1.149,443,41572
185,1551434077.905304,6,1448,130.206.193.108,192.168.1.149,443,41572
186,1551434077.905864,6,1448,130.206.193.108,192.168.1.149,443,41572
187,1551434077.907409,6,1448,130.206.193.108,192.168.1.149,443,41572
188,1551434077.907871,6,1448,130.206.193.108,192.168.1.149,443,41572
189,1551434077.907945,6,1448,130.206.193.108,192.168.1.149,443,41572
190,1551434077.907976,6,1448,130.206.193.108,192.168.1.149,443,41572
191,1551434077.908618,6,1448,130.206.193.108,192.168.1.149,443,41572
192,1551434077.908694,6,1448,130.206.193.108,192.168.1.149,443,41572
193,1551434077.908721,6,1448,130.206.193.108,192.168.1.149,443,41572
194,1551434077.908992,6,1448,130.206.193.108,192.168.1.149,443,41572
195,1551434077.909013,6,1448,130.206.193.108,192.168.1.149,443,41572
196,1551434077.909526,6,1448,130.206.193.108,192.168.1.149,443,41572
197,1551434077.909561,6,1448,130.206.193.108,192.168.1.149,443,41572
198,1551434077.910096,6,1448,130.206.193.108,192.168.1.149,443,41572
199,1551434077.910203,6,1448,130.206.193.108,192.168.1.149,443,41572
200,1551434077.910568,6,1448,130.206.193.108,192.168.1.149,443,41572
201,1551434077.910714,6,1448,130.206.193.108,192.168.1.149,443,41572
202,1551434077.911284,6,1448,130.206.193.108,192.168.1.149,443,41572
203,1551434077.91133,6,1448,130.206.193.108,192.168.1.149,443,41572
204,1551434077.911706,6,1448,130.206.193.108,192.168.1.149,443,41572
205,1551434077.911742,6,1448,130.206.193.108,192.168.1.149,443,41572
206,1551434077.911752,6,1448,130.206.193.108,192.168.1.149,443,41572
207,1551434077.911926,6,125,192.168.1.149,216.58.211.46,44724,443
208,1551434077.912222,6,1448,130.206.193.108,192.168.1.149,443,41572
209,1551434077.912248,6,1448,130.206.193.108,192.168.1.149,443,41572
210,1551434077.912423,6,774,192.168.1.149,216.58.211.46,44724,443
211,1551434077.913043,6,1448,130.206.193.108,192.168.1.149,443,41572
212,1551434077.913061,6,1448,130.206.193.108,192.168.1.149,443,41572
213,1551434077.913075,6,1448,130.206.193.108,192.168.1.149,443,41572
214,1551434077.91398,6,1448,130.206.193.108,192.168.1.149,443,41572
215,1551434077.914009,6,1448,130.206.193.108,192.168.1.149,443,41572
216,1551434077.914019,6,1448,130.206.193.108,192.168.1.149,443,41572
217,1551434077.914027,6,1448,130.206.193.108,192.168.1.149,443,41572
218,1551434077.914646,6,1448,130.206.193.108,192.168.1.149,443,41572
219,1551434077.914683,6,1448,130.206.193.108,192.168.1.149,443,41572
220,1551434077.914694,6,1448,130.206.193.108,192.168.1.149,443,41572
221,1551434077.914702,6,1448,130.206.193.108,192.168.1.149,443,41572
222,1551434077.91471,6,1448,130.206.193.108,192.168.1.149,443,41572
223,1551434077.914829,17,53,192.168.1.149,192.168.1.1,56660,53
224,1551434077.914869,6,219,192.168.1.149,64.15.113.146,41616,443
225,1551434077.914917,6,1448,130.206.193.108,192.168.1.149,443,41572
226,1551434077.915273,6,1448,130.206.193.108,192.168.1.149,443,41572
227,1551434077.91529,6,1448,130.206.193.108,192.168.1.149,443,41572
228,1551434077.915554,6,1448,130.206.193.108,192.168.1.149,443,41572
229,1551434077.915703,6,1448,130.206.193.108,192.168.1.149,443,41572
230,1551434077.916052,6,1448,130.206.193.108,192.168.1.149,443,41572
231,1551434077.916068,6,1448,130.206.193.108,192.168.1.149,443,41572
232,1551434077.916739,6,1448,130.206.193.108,192.168.1.149,443,41572
233,1551434077.916766,6,1448,130.206.193.108,192.168.1.149,443,41572
234,1551434077.917109,6,1448,130.206.193.108,192.168.1.149,443,41572
235,1551434077.917128,6,1448,130.206.193.108,192.168.1.149,443,41572
236,1551434077.917733,6,1448,130.206.193.108,192.168.1.149,443,41572
237,1551434077.917765,6,1448,130.206.193.108,192.168.1.149,443,41572
238,1551434077.917788,6,1448,130.206.193.108,192.168.1.149,443,41572
239,1551434077.917797,6,1448,130.206.193.108,192.168.1.149,443,41572
240,1551434077.918532,6,1448,130.206.193.108,192.168.1.149,443,41572
241,1551434077.918554,6,1448,130.206.193.108,192.168.1.149,443,41572
242,1551434077.919196,6,1448,130.206.193.108,192.168.1.149,443,41572
243,1551434077.919215,6,1448,130.206.193.108,192.168.1.149,443,41572
244,1551434077.919231,6,1448,130.206.193.108,192.168.1.149,443,41572
245,1551434077.919235,17,352,192.168.1.1,192.168.1.149,53,56660
246,1551434077.919367,6,1448,130.206.193.108,192.168.1.149,443,41572
247,1551434077.919376,6,1448,130.206.193.108,192.168.1.149,443,41572
248,1551434077.920406,6,1448,130.206.193.108,192.168.1.149,443,41572
249,1551434077.920419,6,1448,130.206.193.108,192.168.1.149,443,41572
250,1551434077.920424,6,1448,130.206.193.108,192.168.1.149,443,41572
251,1551434077.920887,6,1448,130.206.193.108,192.168.1.149,443,41572
252,1551434077.920906,6,1448,130.206.193.108,192.168.1.149,443,41572
253,1551434077.920918,6,1448,130.206.193.108,192.168.1.149,443,41572
254,1551434077.920921,6,1448,130.206.193.108,192.168.1.149,443,41572
255,1551434077.920928,6,1448,130.206.193.108,192.168.1.149,443,41572
256,1551434077.921485,6,1448,130.206.193.108,192.168.1.149,443,41572
257,1551434077.921509,6,1448,130.206.193.108,192.168.1.149,443,41572
258,1551434077.921521,6,1448,130.206.193.108,192.168.1.149,443,41572
259,1551434077.92193,6,1448,130.206.193.108,192.168.1.149,443,41572
260,1551434077.921958,6,1448,130.206.193.108,192.168.1.149,443,41572
261,1551434077.922464,6,1448,130.206.193.108,192.168.1.149,443,41572
262,1551434077.922552,6,1448,130.206.193.108,192.168.1.149,443,41572
263,1551434077.922919,6,1448,130.206.193.108,192.168.1.149,443,41572
264,1551434077.922997,6,1448,130.206.193.108,192.168.1.149,443,41572
265,1551434077.923022,6,1448,130.206.193.108,192.168.1.149,443,41572
266,1551434077.923025,6,1448,130.206.193.108,192.168.1.149,443,41572
267,1551434077.923704,6,1448,130.206.193.108,192.168.1.149,443,41572
268,1551434077.92386,6,1370,130.206.193.108,192.168.1.149,443,41572
269,1551434077.934028,17,39,192.168.1.149,192.168.1.1,56413,53
270,1551434077.93678,17,355,192.168.1.1,192.168.1.149,53,56413
271,1551434077.943585,6,517,192.168.1.149,216.58.211.34,47316,443
272,1551434077.955091,6,1263,192.168.1.149,130.206.193.108,41572,443
273,1551434077.958449,6,201,192.168.1.149,216.58.201.161,60002,443
274,1551434077.968269,6,160,216.58.211.34,192.168.1.149,443,47316
275,1551434077.96851,6,216,192.168.1.149,216.58.211.34,47316,443
276,1551434077.969193,6,93,192.168.1.149,216.58.211.34,47316,443
277,1551434077.969418,6,1368,192.168.1.149,216.58.211.34,47316,443
278,1551434077.969618,6,172,192.168.1.149,216.58.211.34,47316,443
279,1551434077.97337,6,332,216.58.201.130,192.168.1.149,443,55550
280,1551434077.973618,6,38,216.58.201.130,192.168.1.149,443,55550
281,1551434077.973752,6,46,216.58.201.130,192.168.1.149,443,55550
282,1551434077.974347,6,46,192.168.1.149,216.58.201.130,55550,443
283,1551434077.979345,6,1448,64.15.113.146,192.168.1.149,443,41616
284,1551434077.979482,6,1448,64.15.113.146,192.168.1.149,443,41616
285,1551434077.979738,6,237,64.15.113.146,192.168.1.149,443,41616
286,1551434077.980125,6,93,192.168.1.149,64.15.113.146,41616,443
287,1551434077.993026,6,69,216.58.211.34,192.168.1.149,443,47316
288,1551434077.993267,6,38,216.58.211.34,192.168.1.149,443,47316
289,1551434077.993814,6,38,192.168.1.149,216.58.211.34,47316,443
290,1551434078.00323,6,1448,130.206.193.108,192.168.1.149,443,41572
291,1551434078.003583,6,1448,130.206.193.108,192.168.1.149,443,41572
292,1551434078.003605,6,1448,130.206.193.108,192.168.1.149,443,41572
293,1551434078.003994,6,1448,130.206.193.108,192.168.1.149,443,41572
294,1551434078.004003,6,1448,130.206.193.108,192.168.1.149,443,41572
295,1551434078.004009,6,1448,130.206.193.108,192.168.1.149,443,41572
296,1551434078.004392,6,1448,130.206.193.108,192.168.1.149,443,41572
297,1551434078.004397,6,1448,130.206.193.108,192.168.1.149,443,41572
298,1551434078.004404,6,1448,130.206.193.108,192.168.1.149,443,41572
299,1551434078.005144,6,1448,130.206.193.108,192.168.1.149,443,41572
300,1551434078.005169,6,1448,130.206.193.108,192.168.1.149,443,41572
301,1551434078.005174,6,1448,130.206.193.108,192.168.1.149,443,41572
302,1551434078.005179,6,1448,130.206.193.108,192.168.1.149,443,41572
303,1551434078.005982,6,1448,130.206.193.108,192.168.1.149,443,41572
304,1551434078.006067,6,1448,130.206.193.108,192.168.1.149,443,41572
305,1551434078.006085,6,1448,130.206.193.108,192.168.1.149,443,41572
306,1551434078.006097,6,1448,130.206.193.108,192.168.1.149,443,41572
307,1551434078.006104,6,1448,130.206.193.108,192.168.1.149,443,41572
308,1551434078.006114,6,1448,130.206.193.108,192.168.1.149,443,41572
309,1551434078.00695,6,1448,130.206.193.108,192.168.1.149,443,41572
310,1551434078.007029,6,1448,130.206.193.108,192.168.1.149,443,41572
311,1551434078.007038,6,1448,130.206.193.108,192.168.1.149,443,41572
312,1551434078.007047,6,1448,130.206.193.108,192.168.1.149,443,41572
313,1551434078.007132,6,403,130.206.193.108,192.168.1.149,443,41572
314,1551434078.007177,6,1448,130.206.193.108,192.168.1.149,443,41572
315,1551434078.007195,6,1448,130.206.193.108,192.168.1.149,443,41572
316,1551434078.008246,6,1448,130.206.193.108,192.168.1.149,443,41572
317,1551434078.008252,6,1448,130.206.193.108,192.168.1.149,443,41572
318,1551434078.008278,6,1448,130.206.193.108,192.168.1.149,443,41572
319,1551434078.008281,6,1448,130.206.193.108,192.168.1.149,443,41572
320,1551434078.008284,6,1448,130.206.193.108,192.168.1.149,443,41572
321,1551434078.008287,6,1448,130.206.193.108,192.168.1.149,443,41572
322,1551434078.008289,6,1448,130.206.193.108,192.168.1.149,443,41572
323,1551434078.008291,6,1448,130.206.193.108,192.168.1.149,443,41572
324,1551434078.008293,6,1448,130.206.193.108,192.168.1.149,443,41572
325,1551434078.008295,6,1448,130.206.193.108,192.168.1.149,443,41572
326,1551434078.009215,6,1448,130.206.193.108,192.168.1.149,443,41572
327,1551434078.009222,6,1448,130.206.193.108,192.168.1.149,443,41572
328,1551434078.009244,6,1448,130.206.193.108,192.168.1.149,443,41572
329,1551434078.009247,6,1448,130.206.193.108,192.168.1.149,443,41572
330,1551434078.009249,6,1448,130.206.193.108,192.168.1.149,443,41572
331,1551434078.009253,6,1448,130.206.193.108,192.168.1.149,443,41572
332,1551434078.009257,6,1448,130.206.193.108,192.168.1.149,443,41572
333,1551434078.00926,6,1448,130.206.193.108,192.168.1.149,443,41572
334,1551434078.009262,6,1448,130.206.193.108,192.168.1.149,443,41572
335,1551434078.009507,6,1448,130.206.193.108,192.168.1.149,443,41572
336,1551434078.009918,6,103,216.58.211.46,192.168.1.149,443,44724
337,1551434078.00993,6,1257,216.58.211.46,192.168.1.149,443,44724
338,1551434078.009934,6,38,216.58.211.46,192.168.1.149,443,44724
339,1551434078.009937,6,46,216.58.211.46,192.168.1.149,443,44724
340,1551434078.009939,6,1418,216.58.211.46,192.168.1.149,443,44724
341,1551434078.009942,6,96,216.58.211.46,192.168.1.149,443,44724
342,1551434078.009944,6,1028,130.206.193.108,192.168.1.149,443,41572
343,1551434078.009947,6,1448,130.206.193.108,192.168.1.149,443,41572
344,1551434078.00995,6,1448,130.206.193.108,192.168.1.149,443,41572
345,1551434078.009953,6,1448,130.206.193.108,192.168.1.149,443,41572
346,1551434078.010725,6,1448,130.206.193.108,192.168.1.149,443,41572
347,1551434078.010733,6,1448,130.206.193.108,192.168.1.149,443,41572
348,1551434078.01074,6,1418,216.58.211.46,192.168.1.149,443,44724
349,1551434078.010744,6,1448,130.206.193.108,192.168.1.149,443,41572
350,1551434078.010748,6,1448,130.206.193.108,192.168.1.149,443,41572
351,1551434078.010751,6,190,216.58.211.46,192.168.1.149,443,44724
352,1551434078.010754,6,1448,130.206.193.108,192.168.1.149,443,41572
353,1551434078.011349,6,1448,130.206.193.108,192.168.1.149,443,41572
354,1551434078.011361,6,1448,130.206.193.108,192.168.1.149,443,41572
355,1551434078.011366,6,1448,130.206.193.108,192.168.1.149,443,41572
356,1551434078.011369,6,1448,130.206.193.108,192.168.1.149,443,41572
357,1551434078.011375,6,1448,130.206.193.108,192.168.1.149,443,41572
358,1551434078.011378,6,1448,130.206.193.108,192.168.1.149,443,41572
359,1551434078.011488,6,1448,130.206.193.108,192.168.1.149,443,41572
360,1551434078.011729,6,46,192.168.1.149,216.58.211.46,44724,443
361,1551434078.011814,6,1448,130.206.193.108,192.168.1.149,443,41572
362,1551434078.011824,6,1448,130.206.193.108,192.168.1.149,443,41572
363,1551434078.011856,6,1448,130.206.193.108,192.168.1.149,443,41572
364,1551434078.01186,6,1448,130.206.193.108,192.168.1.149,443,41572
365,1551434078.011869,6,1448,130.206.193.108,192.168.1.149,443,41572
366,1551434078.012531,6,1448,130.206.193.108,192.168.1.149,443,41572
367,1551434078.012547,6,1448,130.206.193.108,192.168.1.149,443,41572
368,1551434078.012562,6,1448,130.206.193.108,192.168.1.149,443,41572
369,1551434078.012565,6,1448,130.206.193.108,192.168.1.149,443,41572
370,1551434078.013228,6,1448,130.206.193.108,192.168.1.149,443,41572
371,1551434078.013238,6,664,130.206.193.108,192.168.1.149,443,41572
372,1551434078.013252,6,1448,130.206.193.108,192.168.1.149,443,41572
373,1551434078.013256,6,1448,130.206.193.108,192.168.1.149,443,41572
374,1551434078.01326,6,1448,130.206.193.108,192.168.1.149,443,41572
375,1551434078.013263,6,1448,130.206.193.108,192.168.1.149,443,41572
376,1551434078.014319,6,1448,130.206.193.108,192.168.1.149,443,41572
377,1551434078.01433,6,1448,130.206.193.108,192.168.1.149,443,41572
378,1551434078.014348,6,1448,130.206.193.108,192.168.1.149,443,41572
379,1551434078.014352,6,1448,130.206.193.108,192.168.1.149,443,41572
380,1551434078.014356,6,1448,130.206.193.108,192.168.1.149,443,41572
381,1551434078.014359,6,1448,130.206.193.108,192.168.1.149,443,41572
382,1551434078.014635,6,1448,130.206.193.108,192.168.1.149,443,41572
383,1551434078.015093,6,1418,216.58.201.161,192.168.1.149,443,60002
384,1551434078.015119,6,1418,216.58.201.161,192.168.1.149,443,60002
385,1551434078.015129,6,1414,216.58.201.161,192.168.1.149,443,60002
386,1551434078.015136,6,1448,130.206.193.108,192.168.1.149,443,41572
387,1551434078.015141,6,1448,130.206.193.108,192.168.1.149,443,41572
388,1551434078.015145,6,1448,130.206.193.108,192.168.1.149,443,41572
389,1551434078.015148,6,1448,130.206.193.108,192.168.1.149,443,41572
390,1551434078.015788,6,258,192.168.1.149,216.58.201.161,60002,443
391,1551434078.015851,6,1448,130.206.193.108,192.168.1.149,443,41572
392,1551434078.015863,6,1448,130.206.193.108,192.168.1.149,443,41572
393,1551434078.015867,6,1448,130.206.193.108,192.168.1.149,443,41572
394,1551434078.01587,6,1448,130.206.193.108,192.168.1.149,443,41572
395,1551434078.015874,6,1276,130.206.193.108,192.168.1.149,443,41572
396,1551434078.015878,6,1448,130.206.193.108,192.168.1.149,443,41572
397,1551434078.015881,6,1448,130.206.193.108,192.168.1.149,443,41572
398,1551434078.016636,6,1448,130.206.193.108,192.168.1.149,443,41572
399,1551434078.016647,6,1448,130.206.193.108,192.168.1.149,443,41572
400,1551434078.016652,6,1448,130.206.193.108,192.168.1.149,443,41572
401,1551434078.016656,6,1448,130.206.193.108,192.168.1.149,443,41572
402,1551434078.01666,6,1448,130.206.193.108,192.168.1.149,443,41572
403,1551434078.016663,6,1448,130.206.193.108,192.168.1.149,443,41572
404,1551434078.016882,6,93,192.168.1.149,216.58.201.161,60002,443
405,1551434078.018097,6,331,192.168.1.149,216.58.201.161,60002,443
406,1551434078.018303,6,1448,130.206.193.108,192.168.1.149,443,41572
407,1551434078.01832,6,1448,130.206.193.108,192.168.1.149,443,41572
408,1551434078.018326,6,1448,130.206.193.108,192.168.1.149,443,41572
409,1551434078.018329,6,1448,130.206.193.108,192.168.1.149,443,41572
410,1551434078.018332,6,1448,130.206.193.108,192.168.1.149,443,41572
411,1551434078.018341,6,1448,130.206.193.108,192.168.1.149,443,41572
412,1551434078.01933,6,1448,130.206.193.108,192.168.1.149,443,41572
413,1551434078.019345,6,1448,130.206.193.108,192.168.1.149,443,41572
414,1551434078.01936,6,1448,130.206.193.108,192.168.1.149,443,41572
415,1551434078.019363,6,1448,130.206.193.108,192.168.1.149,443,41572
416,1551434078.019367,6,1448,130.206.193.108,192.168.1.149,443,41572
417,1551434078.01937,6,1448,130.206.193.108,192.168.1.149,443,41572
418,1551434078.019374,6,1448,130.206.193.108,192.168.1.149,443,41572
419,1551434078.019378,6,1448,130.206.193.108,192.168.1.149,443,41572
420,1551434078.019381,6,1448,130.206.193.108,192.168.1.149,443,41572
421,1551434078.019389,6,1448,130.206.193.108,192.168.1.149,443,41572
422,1551434078.019392,6,1448,130.206.193.108,192.168.1.149,443,41572
423,1551434078.019528,6,664,130.206.193.108,192.168.1.149,443,41572
424,1551434078.019535,6,1448,130.206.193.108,192.168.1.149,443,41572
425,1551434078.019539,6,1448,130.206.193.108,192.168.1.149,443,41572
426,1551434078.020711,6,1448,130.206.193.108,192.168.1.149,443,41572
427,1551434078.020729,6,1448,130.206.193.108,192.168.1.149,443,41572
428,1551434078.020735,6,1448,130.206.193.108,192.168.1.149,443,41572
429,1551434078.020739,6,1448,130.206.193.108,192.168.1.149,443,41572
430,1551434078.020744,6,1448,130.206.193.108,192.168.1.149,443,41572
431,1551434078.020748,6,1448,130.206.193.108,192.168.1.149,443,41572
432,1551434078.020752,6,1448,130.206.193.108,192.168.1.149,443,41572
433,1551434078.020786,6,1448,130.206.193.108,192.168.1.149,443,41572
434,1551434078.020797,6,1448,130.206.193.108,192.168.1.149,443,41572
435,1551434078.020805,6,1448,130.206.193.108,192.168.1.149,443,41572
436,1551434078.020809,6,794,130.206.193.108,192.168.1.149,443,41572
437,1551434078.026699,6,266,192.168.1.149,216.58.211.46,44724,443
438,1551434078.030073,6,323,192.168.1.149,216.58.211.46,44724,443
439,1551434078.033254,6,1266,192.168.1.149,130.206.193.108,41570,443
440,1551434078.036466,6,230,64.15.113.146,192.168.1.149,443,41616
441,1551434078.037645,6,749,192.168.1.149,64.15.113.146,41616,443
442,1551434078.037872,6,1448,130.206.193.108,192.168.1.149,443,41572
443,1551434078.038221,6,1448,130.206.193.108,192.168.1.149,443,41572
444,1551434078.038242,6,1448,130.206.193.108,192.168.1.149,443,41572
445,1551434078.038345,6,321,216.58.201.161,192.168.1.149,443,60002
446,1551434078.038354,6,69,216.58.201.161,192.168.1.149,443,60002
447,1551434078.038357,6,38,216.58.201.161,192.168.1.149,443,60002
448,1551434078.038872,6,38,192.168.1.149,216.58.201.161,60002,443
449,1551434078.049409,6,328,216.58.201.161,192.168.1.149,443,60002
450,1551434078.049727,6,1418,216.58.201.161,192.168.1.149,443,60002
451,1551434078.049845,6,585,216.58.201.161,192.168.1.149,443,60002
452,1551434078.050114,6,46,216.58.201.161,192.168.1.149,443,60002
453,1551434078.050275,6,1448,130.206.193.108,192.168.1.149,443,41570
454,1551434078.050818,6,46,192.168.1.149,216.58.201.161,60002,443
455,1551434078.051037,6,1448,130.206.193.108,192.168.1.149,443,41570
456,1551434078.051067,6,1448,130.206.193.108,192.168.1.149,443,41570
457,1551434078.051079,6,1448,130.206.193.108,192.168.1.149,443,41570
458,1551434078.051537,6,1448,130.206.193.108,192.168.1.149,443,41570
459,1551434078.051553,6,1448,130.206.193.108,192.168.1.149,443,41570
460,1551434078.051949,6,1448,130.206.193.108,192.168.1.149,443,41570
461,1551434078.051956,6,1448,130.206.193.108,192.168.1.149,443,41570
462,1551434078.051961,6,1448,130.206.193.108,192.168.1.149,443,41570
463,1551434078.052558,6,1448,130.206.193.108,192.168.1.149,443,41570
464,1551434078.052568,6,1448,130.206.193.108,192.168.1.149,443,41570
465,1551434078.052851,6,1448,130.206.193.108,192.168.1.149,443,41570
466,1551434078.052978,6,1448,130.206.193.108,192.168.1.149,443,41570
467,1551434078.053295,6,1448,130.206.193.108,192.168.1.149,443,41570
468,1551434078.053447,6,1448,130.206.193.108,192.168.1.149,443,41570
469,1551434078.054049,6,1448,130.206.193.108,192.168.1.149,443,41570
470,1551434078.054199,6,1448,130.206.193.108,192.168.1.149,443,41570
471,1551434078.054488,6,1448,130.206.193.108,192.168.1.149,443,41570
472,1551434078.054646,6,1448,130.206.193.108,192.168.1.149,443,41570
473,1551434078.054991,6,1448,130.206.193.108,192.168.1.149,443,41570
474,1551434078.055012,6,1448,130.206.193.108,192.168.1.149,443,41570
475,1551434078.055585,6,1448,130.206.193.108,192.168.1.149,443,41570
476,1551434078.055752,6,1448,130.206.193.108,192.168.1.149,443,41570
477,1551434078.055924,6,1148,192.168.1.149,130.206.193.108,41572,443
478,1551434078.056022,6,403,130.206.193.108,192.168.1.149,443,41570
479,1551434078.056173,6,1448,130.206.193.108,192.168.1.149,443,41570
480,1551434078.05689,6,1448,130.206.193.108,192.168.1.149,443,41570
481,1551434078.056937,6,1448,130.206.193.108,192.168.1.149,443,41570
482,1551434078.057527,6,1448,130.206.193.108,192.168.1.149,443,41570
483,1551434078.057542,6,1448,130.206.193.108,192.168.1.149,443,41570
484,1551434078.057551,6,1448,130.206.193.108,192.168.1.149,443,41570
485,1551434078.058096,6,1448,130.206.193.108,192.168.1.149,443,41570
486,1551434078.058127,6,1448,130.206.193.108,192.168.1.149,443,41570
487,1551434078.058371,6,1448,130.206.193.108,192.168.1.149,443,41570
488,1551434078.060664,6,1448,130.206.193.108,192.168.1.149,443,41570
489,1551434078.061076,6,1448,130.206.193.108,192.168.1.149,443,41570
490,1551434078.061099,6,1448,130.206.193.108,192.168.1.149,443,41570
491,1551434078.061122,6,1448,130.206.193.108,192.168.1.149,443,41570
492,1551434078.061448,6,1448,130.206.193.108,192.168.1.149,443,41570
493,1551434078.061468,6,1448,130.206.193.108,192.168.1.149,443,41570
494,1551434078.061479,6,1448,130.206.193.108,192.168.1.149,443,41570
495,1551434078.062215,6,1448,130.206.193.108,192.168.1.149,443,41570
496,1551434078.062234,6,1448,130.206.193.108,192.168.1.149,443,41570
497,1551434078.06224,6,1448,130.206.193.108,192.168.1.149,443,41570
498,1551434078.063182,6,1448,130.206.193.108,192.168.1.149,443,41570
499,1551434078.063192,6,1448,130.206.193.108,192.168.1.149,443,41570
500,1551434078.063202,6,1448,130.206.193.108,192.168.1.149,443,41570
501,1551434078.063205,6,1028,130.206.193.108,192.168.1.149,443,41570
502,1551434078.06321,6,1448,130.206.193.108,192.168.1.149,443,41570
503,1551434078.063212,6,1448,130.206.193.108,192.168.1.149,443,41570
504,1551434078.063214,6,1448,130.206.193.108,192.168.1.149,443,41570
505,1551434078.063793,6,1448,130.206.193.108,192.168.1.149,443,41570
506,1551434078.0638,6,1448,130.206.193.108,192.168.1.149,443,41570
507,1551434078.063803,6,1448,130.206.193.108,192.168.1.149,443,41570
508,1551434078.064461,6,1448,130.206.193.108,192.168.1.149,443,41570
509,1551434078.064467,6,1448,130.206.193.108,192.168.1.149,443,41570
510,1551434078.064743,6,1448,130.206.193.108,192.168.1.149,443,41570
511,1551434078.064905,6,1448,130.206.193.108,192.168.1.149,443,41570
512,1551434078.065511,6,1448,130.206.193.108,192.168.1.149,443,41570
513,1551434078.065517,6,1448,130.206.193.108,192.168.1.149,443,41570
514,1551434078.074614,6,1448,130.206.193.108,192.168.1.149,443,41570
515,1551434078.074636,6,1448,130.206.193.108,192.168.1.149,443,41570
516,1551434078.075344,6,1448,130.206.193.108,192.168.1.149,443,41570
517,1551434078.075356,6,1448,130.206.193.108,192.168.1.149,443,41570
518,1551434078.075364,6,1448,130.206.193.108,192.168.1.149,443,41570
519,1551434078.075369,6,1448,130.206.193.108,192.168.1.149,443,41570
520,1551434078.075376,6,1448,130.206.193.108,192.168.1.149,443,41570
521,1551434078.075385,6,1448,130.206.193.108,192.168.1.149,443,41570
522,1551434078.07539,6,1448,130.206.193.108,192.168.1.149,443,41570
523,1551434078.075394,6,1448,130.206.193.108,192.168.1.149,443,41570
524,1551434078.075397,6,1448,130.206.193.108,192.168.1.149,443,41570
525,1551434078.076186,6,1448,130.206.193.108,192.168.1.149,443,41570
526,1551434078.076351,6,1448,130.206.193.108,192.168.1.149,443,41570
527,1551434078.076394,6,664,130.206.193.108,192.168.1.149,443,41570
528,1551434078.076415,6,1448,130.206.193.108,192.168.1.149,443,41570
529,1551434078.076428,6,1448,130.206.193.108,192.168.1.149,443,41570
530,1551434078.076441,6,1448,130.206.193.108,192.168.1.149,443,41570
531,1551434078.076465,6,1448,130.206.193.108,192.168.1.149,443,41570
532,1551434078.077207,6,1448,130.206.193.108,192.168.1.149,443,41570
533,1551434078.077257,6,1448,130.206.193.108,192.168.1.149,443,41570
534,1551434078.07727,6,1448,130.206.193.108,192.168.1.149,443,41570
535,1551434078.077279,6,1448,130.206.193.108,192.168.1.149,443,41570
536,1551434078.077293,6,1448,130.206.193.108,192.168.1.149,443,41570
537,1551434078.077301,6,1448,130.206.193.108,192.168.1.149,443,41570
538,1551434078.078086,6,1448,130.206.193.108,192.168.1.149,443,41570
539,1551434078.078107,6,1448,130.206.193.108,192.168.1.149,443,41570
540,1551434078.078116,6,1448,130.206.193.108,192.168.1.149,443,41570
541,1551434078.078122,6,1448,130.206.193.108,192.168.1.149,443,41570
542,1551434078.078128,6,1448,130.206.193.108,192.168.1.149,443,41570
543,1551434078.078134,6,1448,130.206.193.108,192.168.1.149,443,41570
544,1551434078.078139,6,1448,130.206.193.108,192.168.1.149,443,41570
545,1551434078.078148,6,1448,130.206.193.108,192.168.1.149,443,41570
546,1551434078.078151,6,1448,130.206.193.108,192.168.1.149,443,41570
547,1551434078.078759,6,1276,130.206.193.108,192.168.1.149,443,41570
548,1551434078.079643,6,1448,130.206.193.108,192.168.1.149,443,41570
549,1551434078.080004,6,1448,130.206.193.108,192.168.1.149,443,41570
550,1551434078.080032,6,1448,130.206.193.108,192.168.1.149,443,41570
551,1551434078.080411,6,1448,130.206.193.108,192.168.1.149,443,41570
552,1551434078.080436,6,1448,130.206.193.108,192.168.1.149,443,41570
553,1551434078.080449,6,1448,130.206.193.108,192.168.1.149,443,41570
554,1551434078.080775,6,1448,130.206.193.108,192.168.1.149,443,41570
555,1551434078.080813,6,1448,130.206.193.108,192.168.1.149,443,41570
556,1551434078.080839,6,1448,130.206.193.108,192.168.1.149,443,41570
557,1551434078.081342,6,1448,130.206.193.108,192.168.1.149,443,41570
558,1551434078.081372,6,1448,130.206.193.108,192.168.1.149,443,41570
559,1551434078.081385,6,1448,130.206.193.108,192.168.1.149,443,41570
560,1551434078.082174,6,1448,130.206.193.108,192.168.1.149,443,41570
561,1551434078.082306,6,1448,130.206.193.108,192.168.1.149,443,41570
562,1551434078.082343,6,1448,130.206.193.108,192.168.1.149,443,41570
563,1551434078.082357,6,1448,130.206.193.108,192.168.1.149,443,41570
564,1551434078.082399,6,1448,130.206.193.108,192.168.1.149,443,41570
565,1551434078.082903,6,1448,130.206.193.108,192.168.1.149,443,41570
566,1551434078.083272,6,1448,130.206.193.108,192.168.1.149,443,41570
567,1551434078.083294,6,1448,130.206.193.108,192.168.1.149,443,41570
568,1551434078.083975,6,1448,130.206.193.108,192.168.1.149,443,41570
569,1551434078.083992,6,1448,130.206.193.108,192.168.1.149,443,41570
570,1551434078.083999,6,1448,130.206.193.108,192.168.1.149,443,41570
571,1551434078.084299,6,1448,130.206.193.108,192.168.1.149,443,41570
572,1551434078.084316,6,1448,130.206.193.108,192.168.1.149,443,41570
573,1551434078.084589,6,664,130.206.193.108,192.168.1.149,443,41570
574,1551434078.084607,6,1448,130.206.193.108,192.168.1.149,443,41570
575,1551434078.084614,6,1448,130.206.193.108,192.168.1.149,443,41570
576,1551434078.08462,6,1448,130.206.193.108,192.168.1.149,443,41570
577,1551434078.08538,6,1448,130.206.193.108,192.168.1.149,443,41570
578,1551434078.085408,6,1448,130.206.193.108,192.168.1.149,443,41570
579,1551434078.086094,6,1448,130.206.193.108,192.168.1.149,443,41570
580,1551434078.086113,6,1448,130.206.193.108,192.168.1.149,443,41570
581,1551434078.086124,6,1448,130.206.193.108,192.168.1.149,443,41570
582,1551434078.086131,6,1448,130.206.193.108,192.168.1.149,443,41570
583,1551434078.086138,6,1448,130.206.193.108,192.168.1.149,443,41570
584,1551434078.086675,6,1448,130.206.193.108,192.168.1.149,443,41570
585,1551434078.086825,6,1448,130.206.193.108,192.168.1.149,443,41570
586,1551434078.087292,6,1448,130.206.193.108,192.168.1.149,443,41570
587,1551434078.087301,6,1448,130.206.193.108,192.168.1.149,443,41570
588,1551434078.087305,6,1448,130.206.193.108,192.168.1.149,443,41570
589,1551434078.087309,6,1448,130.206.193.108,192.168.1.149,443,41570
590,1551434078.087974,6,1448,130.206.193.108,192.168.1.149,443,41570
591,1551434078.087984,6,1448,130.206.193.108,192.168.1.149,443,41570
592,1551434078.087989,6,1448,130.206.193.108,192.168.1.149,443,41570
593,1551434078.087992,6,1448,130.206.193.108,192.168.1.149,443,41570
594,1551434078.088319,6,1448,130.206.193.108,192.168.1.149,443,41570
595,1551434078.088327,6,1448,130.206.193.108,192.168.1.149,443,41570
596,1551434078.088439,6,1028,130.206.193.108,192.168.1.149,443,41570
597,1551434078.091282,6,1448,130.206.193.108,192.168.1.149,443,41570
598,1551434078.091657,6,1448,130.206.193.108,192.168.1.149,443,41570
599,1551434078.091676,6,1448,130.206.193.108,192.168.1.149,443,41570
600,1551434078.092086,6,1448,130.206.193.108,192.168.1.149,443,41570
601,1551434078.092097,6,1448,130.206.193.108,192.168.1.149,443,41570
602,1551434078.092102,6,1448,130.206.193.108,192.168.1.149,443,41570
603,1551434078.092399,6,1448,64.15.113.146,192.168.1.149,443,41616
604,1551434078.092407,6,1448,64.15.113.146,192.168.1.149,443,41616
605,1551434078.092423,6,1448,64.15.113.146,192.168.1.149,443,41616
606,1551434078.093152,6,1448,64.15.113.146,192.168.1.149,443,41616
607,1551434078.093264,6,260,64.15.113.146,192.168.1.149,443,41616
608,1551434078.093277,6,1448,130.206.193.108,192.168.1.149,443,41570
609,1551434078.093294,6,1448,130.206.193.108,192.168.1.149,443,41570
610,1551434078.093831,6,1448,130.206.193.108,192.168.1.149,443,41570
611,1551434078.093869,6,1448,130.206.193.108,192.168.1.149,443,41570
612,1551434078.093877,6,1448,130.206.193.108,192.168.1.149,443,41570
613,1551434078.093883,6,1448,130.206.193.108,192.168.1.149,443,41570
614,1551434078.0939,6,1448,130.206.193.108,192.168.1.149,443,41570
615,1551434078.093907,6,1448,130.206.193.108,192.168.1.149,443,41570
616,1551434078.09453,6,1448,130.206.193.108,192.168.1.149,443,41570
617,1551434078.094544,6,1448,130.206.193.108,192.168.1.149,443,41570
618,1551434078.094549,6,1448,130.206.193.108,192.168.1.149,443,41570
619,1551434078.094553,6,1448,130.206.193.108,192.168.1.149,443,41570
620,1551434078.094556,6,1448,130.206.193.108,192.168.1.149,443,41570
621,1551434078.09456,6,1448,130.206.193.108,192.168.1.149,443,41570
622,1551434078.094961,6,1448,130.206.193.108,192.168.1.149,443,41570
623,1551434078.09497,6,1448,130.206.193.108,192.168.1.149,443,41570
624,1551434078.094974,6,1448,130.206.193.108,192.168.1.149,443,41570
625,1551434078.094977,6,1448,130.206.193.108,192.168.1.149,443,41570
626,1551434078.094984,6,1448,130.206.193.108,192.168.1.149,443,41570
627,1551434078.095316,6,769,192.168.1.149,216.58.211.46,44724,443
628,1551434078.095341,17,40,192.168.1.149,192.168.1.1,49365,53
629,1551434078.095592,6,198,192.168.1.149,216.58.211.46,44724,443
630,1551434078.095682,6,304,192.168.1.149,216.58.211.34,47316,443
631,1551434078.09609,6,664,130.206.193.108,192.168.1.149,443,41570
632,1551434078.096242,6,185,192.168.1.149,216.58.211.46,44724,443
633,1551434078.097424,6,1448,130.206.193.108,192.168.1.149,443,41570
634,1551434078.097439,6,1448,130.206.193.108,192.168.1.149,443,41570
635,1551434078.097445,6,1448,130.206.193.108,192.168.1.149,443,41570
636,1551434078.097448,6,1448,130.206.193.108,192.168.1.149,443,41570
637,1551434078.097452,6,1448,130.206.193.108,192.168.1.149,443,41570
638,1551434078.097458,6,1448,130.206.193.108,192.168.1.149,443,41570
639,1551434078.09746,6,1448,130.206.193.108,192.168.1.149,443,41570
640,1551434078.097468,6,1448,130.206.193.108,192.168.1.149,443,41570
641,1551434078.097472,6,1448,130.206.193.108,192.168.1.149,443,41570
642,1551434078.097475,6,1448,130.206.193.108,192.168.1.149,443,41570
643,1551434078.097478,6,1448,130.206.193.108,192.168.1.149,443,41570
644,1551434078.097481,6,1448,130.206.193.108,192.168.1.149,443,41570
645,1551434078.098727,6,1448,130.206.193.108,192.168.1.149,443,41570
646,1551434078.098741,6,1448,130.206.193.108,192.168.1.149,443,41570
647,1551434078.098746,6,1448,130.206.193.108,192.168.1.149,443,41570
648,1551434078.098749,6,1448,130.206.193.108,192.168.1.149,443,41570
649,1551434078.098753,6,1448,130.206.193.108,192.168.1.149,443,41570
650,1551434078.098756,6,1448,130.206.193.108,192.168.1.149,443,41570
651,1551434078.098759,6,1448,130.206.193.108,192.168.1.149,443,41570
652,1551434078.098762,6,1276,130.206.193.108,192.168.1.149,443,41570
653,1551434078.098765,6,1448,130.206.193.108,192.168.1.149,443,41570
654,1551434078.098772,6,1448,130.206.193.108,192.168.1.149,443,41570
655,1551434078.098775,6,1448,130.206.193.108,192.168.1.149,443,41570
656,1551434078.101195,6,1448,130.206.193.108,192.168.1.149,443,41570
657,1551434078.101212,6,1448,130.206.193.108,192.168.1.149,443,41570
658,1551434078.101218,6,1448,130.206.193.108,192.168.1.149,443,41570
659,1551434078.101221,6,1448,130.206.193.108,192.168.1.149,443,41570
660,1551434078.101224,6,1448,130.206.193.108,192.168.1.149,443,41570
661,1551434078.101227,6,1448,130.206.193.108,192.168.1.149,443,41570
662,1551434078.10123,6,1448,130.206.193.108,192.168.1.149,443,41570
663,1551434078.101233,17,304,192.168.1.1,192.168.1.149,53,49365
664,1551434078.101248,6,1448,130.206.193.108,192.168.1.149,443,41570
665,1551434078.101252,6,1448,130.206.193.108,192.168.1.149,443,41570
666,1551434078.101256,6,1448,130.206.193.108,192.168.1.149,443,41570
667,1551434078.10126,6,1448,130.206.193.108,192.168.1.149,443,41570
668,1551434078.1026,6,1448,130.206.193.108,192.168.1.149,443,41570
669,1551434078.102616,6,1448,130.206.193.108,192.168.1.149,443,41570
670,1551434078.102621,6,1448,130.206.193.108,192.168.1.149,443,41570
671,1551434078.102625,6,1448,130.206.193.108,192.168.1.149,443,41570
672,1551434078.102628,6,1448,130.206.193.108,192.168.1.149,443,41570
673,1551434078.102632,6,1448,130.206.193.108,192.168.1.149,443,41570
674,1551434078.102635,6,1448,130.206.193.108,192.168.1.149,443,41570
675,1551434078.102641,6,1448,130.206.193.108,192.168.1.149,443,41570
676,1551434078.102644,6,1448,130.206.193.108,192.168.1.149,443,41570
677,1551434078.102648,6,1448,130.206.193.108,192.168.1.149,443,41570
678,1551434078.102654,6,1448,130.206.193.108,192.168.1.149,443,41570
679,1551434078.102657,6,664,130.206.193.108,192.168.1.149,443,41570
680,1551434078.10266,6,1448,130.206.193.108,192.168.1.149,443,41570
681,1551434078.102663,6,1448,130.206.193.108,192.168.1.149,443,41570
682,1551434078.102667,6,1448,130.206.193.108,192.168.1.149,443,41570
683,1551434078.102675,6,1448,130.206.193.108,192.168.1.149,443,41570
684,1551434078.102679,6,1448,130.206.193.108,192.168.1.149,443,41570
685,1551434078.102682,6,1448,130.206.193.108,192.168.1.149,443,41570
686,1551434078.102685,6,1448,130.206.193.108,192.168.1.149,443,41570
687,1551434078.102688,6,1448,130.206.193.108,192.168.1.149,443,41570
688,1551434078.10374,6,1448,130.206.193.108,192.168.1.149,443,41570
689,1551434078.103755,6,1448,130.206.193.108,192.168.1.149,443,41570
690,1551434078.103759,6,1448,130.206.193.108,192.168.1.149,443,41570
691,1551434078.103762,6,1448,130.206.193.108,192.168.1.149,443,41570
692,1551434078.103766,6,1448,130.206.193.108,192.168.1.149,443,41570
693,1551434078.10377,6,1448,130.206.193.108,192.168.1.149,443,41570
694,1551434078.103772,6,1448,130.206.193.108,192.168.1.149,443,41570
695,1551434078.103776,6,1448,130.206.193.108,192.168.1.149,443,41570
696,1551434078.103779,6,1448,130.206.193.108,192.168.1.149,443,41570
697,1551434078.103787,6,1448,130.206.193.108,192.168.1.149,443,41570
698,1551434078.103791,6,77,216.58.211.46,192.168.1.149,443,44724
699,1551434078.103796,6,38,216.58.211.46,192.168.1.149,443,44724
700,1551434078.103802,6,46,216.58.211.46,192.168.1.149,443,44724
701,1551434078.103804,6,77,216.58.211.46,192.168.1.149,443,44724
702,1551434078.103807,6,38,216.58.211.46,192.168.1.149,443,44724
703,1551434078.10381,6,1448,130.206.193.108,192.168.1.149,443,41570
704,1551434078.105169,6,1448,130.206.193.108,192.168.1.149,443,41570
705,1551434078.105187,6,1448,130.206.193.108,192.168.1.149,443,41570
706,1551434078.105192,6,1448,130.206.193.108,192.168.1.149,443,41570
707,1551434078.105195,6,1028,130.206.193.108,192.168.1.149,443,41570
708,1551434078.105198,6,1448,130.206.193.108,192.168.1.149,443,41570
709,1551434078.105201,6,1448,130.206.193.108,192.168.1.149,443,41570
710,1551434078.105205,6,1448,130.206.193.108,192.168.1.149,443,41570
711,1551434078.105208,6,1448,130.206.193.108,192.168.1.149,443,41570
712,1551434078.105212,6,1448,130.206.193.108,192.168.1.149,443,41570
713,1551434078.105216,6,1448,130.206.193.108,192.168.1.149,443,41570
714,1551434078.106101,6,1448,130.206.193.108,192.168.1.149,443,41570
715,1551434078.106168,6,1448,130.206.193.108,192.168.1.149,443,41570
716,1551434078.106228,6,1448,130.206.193.108,192.168.1.149,443,41570
717,1551434078.106249,6,1448,130.206.193.108,192.168.1.149,443,41570
718,1551434078.10626,6,1448,130.206.193.108,192.168.1.149,443,41570
719,1551434078.106272,6,1448,130.206.193.108,192.168.1.149,443,41570
720,1551434078.106278,6,1448,130.206.193.108,192.168.1.149,443,41570
721,1551434078.106286,6,1448,130.206.193.108,192.168.1.149,443,41570
722,1551434078.106292,6,1448,130.206.193.108,192.168.1.149,443,41570
723,1551434078.106299,6,1448,130.206.193.108,192.168.1.149,443,41570
724,1551434078.106305,6,1448,130.206.193.108,192.168.1.149,443,41570
725,1551434078.106488,6,1448,130.206.193.108,192.168.1.149,443,41570
726,1551434078.106628,6,1448,130.206.193.108,192.168.1.149,443,41570
727,1551434078.107053,6,1448,130.206.193.108,192.168.1.149,443,41570
728,1551434078.107063,6,1448,130.206.193.108,192.168.1.149,443,41570
729,1551434078.107301,6,46,192.168.1.149,216.58.211.46,44724,443
730,1551434078.1077,6,1448,130.206.193.108,192.168.1.149,443,41570
731,1551434078.107712,6,1448,130.206.193.108,192.168.1.149,443,41570
732,1551434078.107734,6,1448,130.206.193.108,192.168.1.149,443,41570
733,1551434078.109334,6,1448,130.206.193.108,192.168.1.149,443,41570
734,1551434078.109497,6,664,130.206.193.108,192.168.1.149,443,41570
735,1551434078.109521,6,1448,130.206.193.108,192.168.1.149,443,41570
736,1551434078.109531,6,1448,130.206.193.108,192.168.1.149,443,41570
737,1551434078.109541,6,1448,130.206.193.108,192.168.1.149,443,41570
738,1551434078.109549,6,1448,130.206.193.108,192.168.1.149,443,41570
739,1551434078.109848,6,1448,130.206.193.108,192.168.1.149,443,41570
740,1551434078.10987,6,1448,130.206.193.108,192.168.1.149,443,41570
741,1551434078.109884,6,1448,130.206.193.108,192.168.1.149,443,41570
742,1551434078.109932,6,563,130.206.193.108,192.168.1.149,443,41570
743,1551434078.114462,6,466,216.58.211.34,192.168.1.149,443,47316
744,1551434078.114798,6,404,216.58.211.34,192.168.1.149,443,47316
745,1551434078.115149,6,46,216.58.211.34,192.168.1.149,443,47316
746,1551434078.115407,6,46,192.168.1.149,216.58.211.34,47316,443
747,1551434078.121943,6,104,216.58.211.46,192.168.1.149,443,44724
748,1551434078.12229,6,1418,216.58.211.46,192.168.1.149,443,44724
749,1551434078.122812,6,949,216.58.211.46,192.168.1.149,443,44724
750,1551434078.127751,6,517,192.168.1.149,216.58.201.164,47554,443
751,1551434078.130365,6,1448,130.206.193.108,192.168.1.149,443,41572
752,1551434078.13046,6,1448,130.206.193.108,192.168.1.149,443,41572
753,1551434078.130816,6,1448,130.206.193.108,192.168.1.149,443,41572
754,1551434078.130829,6,1448,130.206.193.108,192.168.1.149,443,41572
755,1551434078.131257,6,1448,130.206.193.108,192.168.1.149,443,41572
756,1551434078.131279,6,1448,130.206.193.108,192.168.1.149,443,41572
757,1551434078.131285,6,1448,130.206.193.108,192.168.1.149,443,41572
758,1551434078.13168,6,1448,130.206.193.108,192.168.1.149,443,41572
759,1551434078.1317,6,1448,130.206.193.108,192.168.1.149,443,41572
760,1551434078.131706,6,1448,130.206.193.108,192.168.1.149,443,41572
761,1551434078.132122,6,1448,130.206.193.108,192.168.1.149,443,41572
762,1551434078.132133,6,1448,130.206.193.108,192.168.1.149,443,41572
763,1551434078.132137,6,1448,130.206.193.108,192.168.1.149,443,41572
764,1551434078.13214,6,1448,130.206.193.108,192.168.1.149,443,41572
765,1551434078.132534,6,1448,130.206.193.108,192.168.1.149,443,41572
766,1551434078.132548,6,1448,130.206.193.108,192.168.1.149,443,41572
767,1551434078.132584,6,1448,130.206.193.108,192.168.1.149,443,41572
768,1551434078.133352,6,1448,130.206.193.108,192.168.1.149,443,41572
769,1551434078.133399,6,1448,130.206.193.108,192.168.1.149,443,41572
770,1551434078.133406,6,1448,130.206.193.108,192.168.1.149,443,41572
771,1551434078.133414,6,1448,130.206.193.108,192.168.1.149,443,41572
772,1551434078.1337,6,1448,130.206.193.108,192.168.1.149,443,41572
773,1551434078.133739,6,1448,130.206.193.108,192.168.1.149,443,41572
774,1551434078.134006,6,371,130.206.193.108,192.168.1.149,443,41572
775,1551434078.134029,6,1448,130.206.193.108,192.168.1.149,443,41572
776,1551434078.134035,6,1448,130.206.193.108,192.168.1.149,443,41572
777,1551434078.134046,6,1448,130.206.193.108,192.168.1.149,443,41572
778,1551434078.134053,6,1448,130.206.193.108,192.168.1.149,443,41572
779,1551434078.134799,6,1448,130.206.193.108,192.168.1.149,443,41572
780,1551434078.134819,6,1448,130.206.193.108,192.168.1.149,443,41572
781,1551434078.134857,6,1448,130.206.193.108,192.168.1.149,443,41572
782,1551434078.134864,6,1448,130.206.193.108,192.168.1.149,443,41572
783,1551434078.134877,6,1448,130.206.193.108,192.168.1.149,443,41572
784,1551434078.134883,6,1448,130.206.193.108,192.168.1.149,443,41572
785,1551434078.1358,6,1448,130.206.193.108,192.168.1.149,443,41572
786,1551434078.1359,6,1448,130.206.193.108,192.168.1.149,443,41572
787,1551434078.136054,6,1448,130.206.193.108,192.168.1.149,443,41572
788,1551434078.13608,6,1448,130.206.193.108,192.168.1.149,443,41572
789,1551434078.136096,6,1448,130.206.193.108,192.168.1.149,443,41572
790,1551434078.136119,6,1448,130.206.193.108,192.168.1.149,443,41572
791,1551434078.136291,6,1448,130.206.193.108,192.168.1.149,443,41572
792,1551434078.136301,6,1448,130.206.193.108,192.168.1.149,443,41572
793,1551434078.136326,6,1448,130.206.193.108,192.168.1.149,443,41572
794,1551434078.136333,6,1448,130.206.193.108,192.168.1.149,443,41572
795,1551434078.13635,6,1448,130.206.193.108,192.168.1.149,443,41572
796,1551434078.136355,6,1448,130.206.193.108,192.168.1.149,443,41572
797,1551434078.136478,6,1028,130.206.193.108,192.168.1.149,443,41572
798,1551434078.136489,6,1448,130.206.193.108,192.168.1.149,443,41572
799,1551434078.136853,6,1448,130.206.193.108,192.168.1.149,443,41572
800,1551434078.13687,6,1448,130.206.193.108,192.168.1.149,443,41572
801,1551434078.136965,6,1239,130.206.193.108,192.168.1.149,443,41572
802,1551434078.136972,6,77,216.58.211.46,192.168.1.149,443,44724
803,1551434078.136982,6,38,216.58.211.46,192.168.1.149,443,44724
804,1551434078.136985,6,46,216.58.211.46,192.168.1.149,443,44724
805,1551434078.138234,6,367,216.58.211.46,192.168.1.149,443,44724
806,1551434078.138516,6,118,216.58.211.46,192.168.1.149,443,44724
807,1551434078.140394,6,46,192.168.1.149,216.58.211.46,44724,443
808,1551434078.140584,6,42,192.168.1.149,216.58.211.46,44724,443
809,1551434078.156011,6,139,192.168.1.149,216.58.201.161,60002,443
810,1551434078.156226,6,139,192.168.1.149,216.58.201.161,60002,443
811,1551434078.156446,6,160,216.58.201.164,192.168.1.149,443,47554
812,1551434078.156667,6,206,192.168.1.149,216.58.201.161,60002,443
813,1551434078.15687,6,216,192.168.1.149,216.58.201.164,47554,443
814,1551434078.158733,6,93,192.168.1.149,216.58.201.164,47554,443
815,1551434078.15892,6,726,192.168.1.149,216.58.201.164,47554,443
816,1551434078.160167,6,87,216.58.211.46,192.168.1.149,443,44724
817,1551434078.160481,6,38,216.58.211.46,192.168.1.149,443,44724
818,1551434078.160557,6,46,216.58.211.46,192.168.1.149,443,44724
819,1551434078.162234,6,46,192.168.1.149,216.58.211.46,44724,443
820,1551434078.170838,6,102,192.168.1.149,172.217.17.22,33824,443
821,1551434078.170935,6,357,192.168.1.149,216.58.211.46,44724,443
822,1551434078.17496,6,69,216.58.201.164,192.168.1.149,443,47554
823,1551434078.175052,6,38,192.168.1.149,216.58.201.164,47554,443
824,1551434078.175237,6,38,216.58.201.164,192.168.1.149,443,47554
825,1551434078.179005,6,144,216.58.211.34,192.168.1.149,443,47316
826,1551434078.179203,6,118,216.58.211.34,192.168.1.149,443,47316
827,1551434078.179308,6,46,216.58.211.34,192.168.1.149,443,47316
828,1551434078.180988,6,46,192.168.1.149,216.58.211.34,47316,443
829,1551434078.181282,6,193,192.168.1.149,216.58.211.34,47316,443
830,1551434078.187765,6,114,216.58.201.161,192.168.1.149,443,60002
831,1551434078.187931,6,1418,216.58.201.161,192.168.1.149,443,60002
832,1551434078.188185,6,130,172.217.17.22,192.168.1.149,443,33824
833,1551434078.188347,6,1418,172.217.17.22,192.168.1.149,443,33824
834,1551434078.188662,6,1418,172.217.17.22,192.168.1.149,443,33824
835,1551434078.188813,6,1418,172.217.17.22,192.168.1.149,443,33824
836,1551434078.189538,6,1418,172.217.17.22,192.168.1.149,443,33824
837,1551434078.189566,6,1418,172.217.17.22,192.168.1.149,443,33824
838,1551434078.189619,6,1418,172.217.17.22,192.168.1.149,443,33824
839,1551434078.190078,6,1418,172.217.17.22,192.168.1.149,443,33824
840,1551434078.190099,6,1418,172.217.17.22,192.168.1.149,443,33824
841,1551434078.190116,6,1418,172.217.17.22,192.168.1.149,443,33824
842,1551434078.190124,6,1418,172.217.17.22,192.168.1.149,443,33824
843,1551434078.19013,6,1418,172.217.17.22,192.168.1.149,443,33824
844,1551434078.190138,6,1418,172.217.17.22,192.168.1.149,443,33824
845,1551434078.190714,6,1418,172.217.17.22,192.168.1.149,443,33824
846,1551434078.190738,6,1418,172.217.17.22,192.168.1.149,443,33824
847,1551434078.190743,6,1348,172.217.17.22,192.168.1.149,443,33824
848,1551434078.190752,6,46,172.217.17.22,192.168.1.149,443,33824
849,1551434078.19127,6,46,192.168.1.149,172.217.17.22,33824,443
850,1551434078.191724,6,1418,216.58.201.161,192.168.1.149,443,60002
851,1551434078.191868,6,1418,216.58.201.161,192.168.1.149,443,60002
852,1551434078.192506,6,1418,216.58.201.161,192.168.1.149,443,60002
853,1551434078.192521,6,1418,216.58.201.161,192.168.1.149,443,60002
854,1551434078.192546,6,1418,216.58.201.161,192.168.1.149,443,60002
855,1551434078.192978,6,1418,216.58.201.161,192.168.1.149,443,60002
856,1551434078.193014,6,1418,216.58.201.161,192.168.1.149,443,60002
857,1551434078.19302,6,1418,216.58.201.161,192.168.1.149,443,60002
858,1551434078.193028,6,1418,216.58.201.161,192.168.1.149,443,60002
859,1551434078.193037,6,1418,216.58.201.161,192.168.1.149,443,60002
860,1551434078.193759,6,1418,216.58.201.161,192.168.1.149,443,60002
861,1551434078.193782,6,1418,216.58.201.161,192.168.1.149,443,60002
862,1551434078.195684,6,1418,216.58.201.161,192.168.1.149,443,60002
863,1551434078.195774,6,1418,216.58.201.161,192.168.1.149,443,60002
864,1551434078.196316,6,1418,216.58.201.161,192.168.1.149,443,60002
865,1551434078.196376,6,1418,216.58.201.161,192.168.1.149,443,60002
866,1551434078.196448,6,1418,216.58.201.161,192.168.1.149,443,60002
867,1551434078.196461,6,1418,216.58.201.161,192.168.1.149,443,60002
868,1551434078.1994,6,1418,216.58.201.161,192.168.1.149,443,60002
869,1551434078.19954,6,1418,216.58.201.161,192.168.1.149,443,60002
870,1551434078.200033,6,1418,216.58.201.161,192.168.1.149,443,60002
871,1551434078.200044,6,1418,216.58.201.161,192.168.1.149,443,60002
872,1551434078.20044,6,1418,216.58.201.161,192.168.1.149,443,60002
873,1551434078.200453,6,1418,216.58.201.161,192.168.1.149,443,60002
874,1551434078.200478,6,1418,216.58.201.161,192.168.1.149,443,60002
875,1551434078.200874,6,46,192.168.1.149,216.58.201.161,60002,443
876,1551434078.205895,6,149,192.168.1.149,172.217.17.22,33824,443
877,1551434078.206517,6,161,192.168.1.149,172.217.17.22,33824,443
878,1551434078.212756,6,600,216.58.201.164,192.168.1.149,443,47554
879,1551434078.212799,6,118,216.58.201.164,192.168.1.149,443,47554
880,1551434078.213022,6,46,216.58.201.164,192.168.1.149,443,47554
881,1551434078.21339,6,46,192.168.1.149,216.58.201.164,47554,443
882,1551434078.216115,6,1267,192.168.1.149,130.206.193.108,41572,443
883,1551434078.218149,17,39,192.168.1.149,192.168.1.1,56443,53
884,1551434078.219567,17,313,192.168.1.1,192.168.1.149,53,56443
885,1551434078.222695,6,1418,216.58.201.161,192.168.1.149,443,60002
886,1551434078.222804,6,1418,216.58.201.161,192.168.1.149,443,60002
887,1551434078.223116,6,1418,216.58.201.161,192.168.1.149,443,60002
888,1551434078.223126,6,1418,216.58.201.161,192.168.1.149,443,60002
889,1551434078.223697,6,1418,216.58.201.161,192.168.1.149,443,60002
890,1551434078.223713,6,1418,216.58.201.161,192.168.1.149,443,60002
891,1551434078.223735,6,1418,216.58.201.161,192.168.1.149,443,60002
892,1551434078.224098,6,1418,216.58.201.161,192.168.1.149,443,60002
893,1551434078.224119,6,1418,216.58.201.161,192.168.1.149,443,60002
894,1551434078.224124,6,1418,216.58.201.161,192.168.1.149,443,60002
895,1551434078.224233,6,121,172.217.17.22,192.168.1.149,443,33824
896,1551434078.224246,6,1418,172.217.17.22,192.168.1.149,443,33824
897,1551434078.224913,6,1418,172.217.17.22,192.168.1.149,443,33824
898,1551434078.224928,6,1418,172.217.17.22,192.168.1.149,443,33824
899,1551434078.22495,6,1418,172.217.17.22,192.168.1.149,443,33824
900,1551434078.224954,6,1418,172.217.17.22,192.168.1.149,443,33824
901,1551434078.224968,6,1418,172.217.17.22,192.168.1.149,443,33824
902,1551434078.225243,6,1256,172.217.17.22,192.168.1.149,443,33824
903,1551434078.225356,6,46,172.217.17.22,192.168.1.149,443,33824
904,1551434078.225361,6,110,172.217.17.22,192.168.1.149,443,33824
905,1551434078.225803,6,46,192.168.1.149,172.217.17.22,33824,443
906,1551434078.22599,6,42,192.168.1.149,172.217.17.22,33824,443
907,1551434078.231146,6,77,216.58.211.46,192.168.1.149,443,44724
908,1551434078.231245,6,38,216.58.211.46,192.168.1.149,443,44724
909,1551434078.231502,6,46,216.58.211.46,192.168.1.149,443,44724
910,1551434078.232243,6,1418,216.58.201.161,192.168.1.149,443,60002
911,1551434078.232347,6,46,192.168.1.149,216.58.211.46,44724,443
912,1551434078.232612,6,1418,216.58.201.161,192.168.1.149,443,60002
913,1551434078.232645,6,1418,216.58.201.161,192.168.1.149,443,60002
914,1551434078.233302,6,1418,216.58.201.161,192.168.1.149,443,60002
915,1551434078.233339,6,1418,216.58.201.161,192.168.1.149,443,60002
916,1551434078.2362,6,517,192.168.1.149,172.217.17.3,42228,443
917,1551434078.239318,6,1418,216.58.201.161,192.168.1.149,443,60002
918,1551434078.23987,6,1418,216.58.201.161,192.168.1.149,443,60002
919,1551434078.239879,6,1418,216.58.201.161,192.168.1.149,443,60002
920,1551434078.239894,6,1418,216.58.201.161,192.168.1.149,443,60002
921,1551434078.239898,6,1418,216.58.201.161,192.168.1.149,443,60002
922,1551434078.239905,6,1418,216.58.201.161,192.168.1.149,443,60002
923,1551434078.239908,6,1418,216.58.201.161,192.168.1.149,443,60002
924,1551434078.239911,6,1418,216.58.201.161,192.168.1.149,443,60002
925,1551434078.240897,6,1418,216.58.201.161,192.168.1.149,443,60002
926,1551434078.241047,6,1418,216.58.201.161,192.168.1.149,443,60002
927,1551434078.2414,6,1418,216.58.201.161,192.168.1.149,443,60002
928,1551434078.241418,6,1418,216.58.201.161,192.168.1.149,443,60002
929,1551434078.241803,6,1418,216.58.201.161,192.168.1.149,443,60002
930,1551434078.241821,6,1418,216.58.201.161,192.168.1.149,443,60002
931,1551434078.241837,6,1418,216.58.201.161,192.168.1.149,443,60002
932,1551434078.242327,6,1418,216.58.201.161,192.168.1.149,443,60002
933,1551434078.242336,6,1418,216.58.201.161,192.168.1.149,443,60002
934,1551434078.242353,6,1418,216.58.201.161,192.168.1.149,443,60002
935,1551434078.242597,6,1418,216.58.201.161,192.168.1.149,443,60002
936,1551434078.246069,6,1418,216.58.201.161,192.168.1.149,443,60002
937,1551434078.246153,6,1418,216.58.201.161,192.168.1.149,443,60002
938,1551434078.246656,6,1418,216.58.201.161,192.168.1.149,443,60002
939,1551434078.246675,6,1418,216.58.201.161,192.168.1.149,443,60002
940,1551434078.247002,6,1418,216.58.201.161,192.168.1.149,443,60002
941,1551434078.247012,6,1418,216.58.201.161,192.168.1.149,443,60002
942,1551434078.254698,6,160,172.217.17.3,192.168.1.149,443,42228
943,1551434078.255,6,216,192.168.1.149,172.217.17.3,42228,443
944,1551434078.256332,6,93,192.168.1.149,172.217.17.3,42228,443
945,1551434078.256628,6,734,192.168.1.149,172.217.17.3,42228,443
946,1551434078.256974,6,1448,130.206.193.108,192.168.1.149,443,41572
947,1551434078.257007,6,1448,130.206.193.108,192.168.1.149,443,41572
948,1551434078.257771,6,1448,130.206.193.108,192.168.1.149,443,41572
949,1551434078.257818,6,1448,130.206.193.108,192.168.1.149,443,41572
950,1551434078.257831,6,1448,130.206.193.108,192.168.1.149,443,41572
951,1551434078.257842,6,1448,130.206.193.108,192.168.1.149,443,41572
952,1551434078.25832,6,1448,130.206.193.108,192.168.1.149,443,41572
953,1551434078.258342,6,1448,130.206.193.108,192.168.1.149,443,41572
954,1551434078.258352,6,1448,130.206.193.108,192.168.1.149,443,41572
955,1551434078.258368,6,1448,130.206.193.108,192.168.1.149,443,41572
956,1551434078.258376,6,1448,130.206.193.108,192.168.1.149,443,41572
957,1551434078.258385,6,1448,130.206.193.108,192.168.1.149,443,41572
958,1551434078.25925,6,1448,130.206.193.108,192.168.1.149,443,41572
959,1551434078.259285,6,1448,130.206.193.108,192.168.1.149,443,41572
960,1551434078.259301,6,1448,130.206.193.108,192.168.1.149,443,41572
961,1551434078.25931,6,1448,130.206.193.108,192.168.1.149,443,41572
962,1551434078.259313,6,1448,130.206.193.108,192.168.1.149,443,41572
963,1551434078.25984,6,1448,130.206.193.108,192.168.1.149,443,41572
964,1551434078.259866,6,1448,130.206.193.108,192.168.1.149,443,41572
965,1551434078.259877,6,1448,130.206.193.108,192.168.1.149,443,41572
966,1551434078.259885,6,1448,130.206.193.108,192.168.1.149,443,41572
967,1551434078.259889,6,1448,130.206.193.108,192.168.1.149,443,41572
968,1551434078.259892,6,1448,130.206.193.108,192.168.1.149,443,41572
969,1551434078.260006,6,403,130.206.193.108,192.168.1.149,443,41572
970,1551434078.26002,6,1448,130.206.193.108,192.168.1.149,443,41572
971,1551434078.2608,6,1448,130.206.193.108,192.168.1.149,443,41572
972,1551434078.260832,6,1448,130.206.193.108,192.168.1.149,443,41572
973,1551434078.260842,6,1448,130.206.193.108,192.168.1.149,443,41572
974,1551434078.260851,6,1448,130.206.193.108,192.168.1.149,443,41572
975,1551434078.260854,6,1448,130.206.193.108,192.168.1.149,443,41572
976,1551434078.260857,6,1448,130.206.193.108,192.168.1.149,443,41572
977,1551434078.261572,6,1448,130.206.193.108,192.168.1.149,443,41572
978,1551434078.261658,6,1448,130.206.193.108,192.168.1.149,443,41572
979,1551434078.261687,6,1448,130.206.193.108,192.168.1.149,443,41572
980,1551434078.261708,6,1448,130.206.193.108,192.168.1.149,443,41572
981,1551434078.261752,6,1448,130.206.193.108,192.168.1.149,443,41572
982,1551434078.261785,6,1448,130.206.193.108,192.168.1.149,443,41572
983,1551434078.261806,6,1448,130.206.193.108,192.168.1.149,443,41572
984,1551434078.262878,6,1448,130.206.193.108,192.168.1.149,443,41572
985,1551434078.262964,6,1448,130.206.193.108,192.168.1.149,443,41572
986,1551434078.262992,6,1448,130.206.193.108,192.168.1.149,443,41572
987,1551434078.263006,6,1448,130.206.193.108,192.168.1.149,443,41572
988,1551434078.263014,6,1448,130.206.193.108,192.168.1.149,443,41572
989,1551434078.263022,6,1448,130.206.193.108,192.168.1.149,443,41572
990,1551434078.264644,6,1448,130.206.193.108,192.168.1.149,443,41572
991,1551434078.264679,6,1448,130.206.193.108,192.168.1.149,443,41572
992,1551434078.264701,6,1028,130.206.193.108,192.168.1.149,443,41572
993,1551434078.26471,6,1448,130.206.193.108,192.168.1.149,443,41572
994,1551434078.264719,6,1448,130.206.193.108,192.168.1.149,443,41572
995,1551434078.264722,6,1448,130.206.193.108,192.168.1.149,443,41572
996,1551434078.264725,6,1448,130.206.193.108,192.168.1.149,443,41572
997,1551434078.264728,6,1448,130.206.193.108,192.168.1.149,443,41572
998,1551434078.264738,6,1448,130.206.193.108,192.168.1.149,443,41572
999,1551434078.264741,6,1448,130.206.193.108,192.168.1.149,443,41572
